src, dst
72656,72476
839,4565
965,4565
1064,966
1120,4565
1124,84703
1176,84703
1501,4565
1526,1502
1573,4565
1647,4565
1653,84703
1679,84703
1693,84703
1708,84703
1756,4565
1893,1895
2071,2197
2079,2197
2088,2197
2092,2197
2098,2197
2107,2197
2118,2197
2123,2197
2127,2197
2131,2197
2135,2197
2160,2197
2168,2197
2173,2197
2180,2197
2186,2197
2230,4565
2237,2324
2243,2324
2254,2324
2263,2324
2277,2324
2281,2324
2305,2324
2313,2324
2318,2324
2423,2503
2444,2503
2458,2503
2460,2503
2465,2503
2487,2503
2502,2503
2551,2657
2554,2657
2558,2657
2567,2657
2572,2657
2578,2657
2586,2657
2589,2657
2592,2657
2595,2657
2598,2657
2619,2657
2682,2985
2688,2985
2692,2985
2696,2985
2703,2985
2719,2985
2723,2985
2727,2985
2741,2985
2750,2985
2753,2985
2769,2985
2774,2985
2792,2985
2803,2985
2810,2985
2825,2985
2845,2985
2859,2985
2863,2985
2867,2985
2871,2985
2878,2985
2882,2985
2886,2985
2890,2985
2897,2985
2901,2985
2905,2985
2909,2985
2913,2985
2917,2985
2921,2985
2925,2985
2929,2985
2966,2985
2978,2985
3015,4565
3022,3163
3028,3163
3032,3163
3036,3163
3040,3163
3044,3163
3054,3173
3060,3173
3071,3173
3079,3173
3093,3173
3097,3173
3101,3173
3111,3163
3116,3163
3120,3163
3195,4565
3212,3320
3217,3320
3221,3320
3226,3320
3248,3320
3252,3320
3281,3320
3298,3320
3318,3320
3351,3627
3363,3627
3365,3627
3376,3627
3383,3627
3391,3627
3400,3627
3417,3627
3427,3627
3439,3627
3447,3627
3456,3627
3473,3627
3475,3627
3488,3627
3490,3627
3517,3627
3526,3627
3547,3627
3549,3627
3557,3627
3559,3627
3579,3627
3599,3627
3607,3627
3611,3627
3615,3627
3619,3627
3650,3683
3654,3683
3657,3683
3669,3683
3672,3683
3675,3683
3678,3683
3681,3683
3822,4094
3825,4094
3833,4094
3838,4094
3843,4094
3852,4094
3865,4094
3870,4094
3874,4094
3879,4094
3890,4094
3895,4094
3899,4094
3906,4094
3916,4094
3920,4094
3954,4101
3960,4101
3965,4101
3970,4101
4002,4101
4007,4101
4012,4101
4078,4101
4083,4101
4088,4101
4093,4101
4100,4101
4158,84703
4165,84703
4172,84703
4179,4420
4198,4420
4213,4420
4227,4420
4241,4420
4255,4420
4269,4420
4289,4420
4307,4420
4329,4420
4350,4420
4369,4420
4387,4420
4399,84703
4408,84703
4417,84703
4426,84703
4590,84657
4636,4837
4664,84849
4677,84849
4683,88416
4759,4982
4773,88577
4787,4989
4803,88577
4804,88264
4851,88066
4853,4915
4856,4915
4858,88108
4862,88066
4866,88066
4872,88066
4925,4904
5006,6461
5031,5013
5041,88406
5044,5013
5048,84849
5056,84849
5058,5575
5067,88406
5094,5013
5100,88406
5106,84849
5109,5327
5112,5509
5116,5125
5136,5283
5139,5539
5179,5219
5203,5219
5236,5548
5253,5548
5269,5548
5333,82686
5347,5575
5360,88406
5381,82686
5462,88326
5467,5260
5471,5575
5472,5554
5476,88326
5485,5364
5490,5260
5494,5575
5495,5554
5498,88326
5532,85230
5533,85200
5534,85154
5535,85216
5536,85254
5552,88406
5566,88406
5713,84703
5728,5698
5884,6242
5888,87804
5909,6249
5923,6249
5948,6249
5964,6260
6013,6242
6035,6260
6056,6249
6085,6242
6099,6260
6123,6256
6166,85265
6215,85265
6275,4565
6780,84703
6924,85340
6930,88687
6975,88000
7014,6786
7046,84703
7072,86738
7125,86768
13753,84703
13778,84186
13807,84703
13826,86738
13849,86738
13851,84186
13865,84186
13898,84703
13930,88406
13940,84465
13973,84703
14024,84703
14042,86731
14070,14092
14070,14075
14080,14106
14097,86745
14099,14030
14135,85557
14152,14117
14162,14148
14164,14148
14182,14124
14185,14170
14196,14143
14220,14124
14240,88181
14250,14327
14260,14292
14279,14327
14288,14275
14305,14327
14314,14319
14391,84703
14474,84465
14479,14401
14491,14509
14504,14516
14519,14413
14536,88894
14597,14413
14612,14401
14621,86471
14696,84465
14707,19513
14775,84496
14787,19513
15047,85597
15104,15033
15114,85475
15118,85489
15119,15033
15128,85489
15129,15033
15132,85475
15133,15033
15160,15054
15171,88406
15224,15054
15235,88406
15310,84703
15361,16106
15369,15389
15387,16106
15401,84186
15412,16106
15536,15521
15579,15532
15584,15532
15586,15532
15591,15532
15593,15537
15595,16046
15598,15532
15602,15537
15607,15532
15617,15532
15628,15532
15630,15537
15635,15532
15639,15521
15643,15521
15658,15537
15660,15537
15662,15537
15678,15537
15680,15537
15693,15537
15696,16072
15706,15521
15717,15532
15719,15537
15723,15532
15725,15537
15727,16092
15730,15532
15735,15532
15737,15537
15740,15532
15746,15537
15748,16092
15750,15532
15755,15532
15757,15537
15760,15532
15766,15537
15768,16083
15771,15532
15776,15532
15778,15537
15782,15532
15787,15532
15789,15537
15792,16083
15794,15532
15803,16083
15805,15532
15810,15532
15812,15537
15814,16059
15817,15532
15818,15553
15823,15532
15825,15537
15827,16083
15829,15532
15834,15532
15836,15537
15840,15532
15842,15532
15847,16083
15849,15553
15851,15553
15853,15553
15858,15532
15860,15537
15864,15532
15866,15532
15871,15532
15873,15537
15876,16083
15878,15532
15881,17813
15885,15532
15887,16083
15889,15532
15894,15532
15896,15537
15898,16059
15900,15532
15901,15553
15904,17813
15907,15532
15910,15553
15913,15537
15915,17813
15918,15532
15921,16002
15924,15532
15925,15543
15926,15553
15930,16002
15932,15532
15933,15543
15934,15553
15935,16083
15937,15532
15942,15532
15944,15537
15946,88406
15965,15532
15970,15532
15972,15537
15974,17813
15984,15562
16010,16021
16013,16030
16016,16030
16110,15500
16120,15562
16124,16147
16136,17832
16142,17813
16170,16255
16203,15562
16216,16255
16267,16345
16274,85639
16280,15978
16283,16255
16288,85404
16291,15978
16294,16255
16302,85529
16303,85639
16324,85639
16336,15978
16339,16255
16343,17813
16349,16393
16364,15978
16371,16255
16376,17813
16381,15978
16385,16255
16397,16411
16404,15978
16409,16411
16415,16429
16422,15978
16427,16429
16433,16447
16440,15978
16445,16447
16451,16465
16458,15978
16463,16465
16469,16483
16476,15978
16481,16483
16487,16501
16494,15978
16499,16501
16507,16569
16524,88406
16540,15978
16544,16569
16578,16606
16587,88406
16597,15978
16601,16606
16615,16654
16623,88406
16633,15978
16649,16654
16671,16732
16692,15978
16714,16732
16741,16781
16749,88406
16759,15978
16763,16781
16791,16826
16805,88406
16815,15978
16818,16826
16833,16876
16849,85475
16856,85475
16859,85584
16868,16876
16880,16961
16894,85489
16903,15978
16916,15978
16936,16961
16970,17013
16978,88406
16988,15978
17008,17013
17027,88406
17038,15978
17042,17013
17046,17048
17057,17083
17074,15978
17078,17013
17092,17122
17100,88406
17110,15562
17119,17239
17132,88406
17143,15562
17152,15987
17154,15562
17162,16255
17168,15562
17172,16255
17178,17813
17180,15993
17182,15562
17186,17188
17209,15562
17211,88406
17234,17239
17237,17376
17271,85639
17272,85404
17275,15987
17277,15562
17285,16255
17291,15562
17295,16255
17301,17813
17303,15993
17305,15562
17316,15987
17318,15562
17326,16255
17332,15562
17336,16255
17342,17813
17344,15993
17346,15562
17353,15562
17360,17813
17367,15562
17388,17400
17395,17239
17398,17441
17407,15532
17409,15532
17413,15532
17417,15532
17419,15537
17422,15532
17424,15537
17426,15562
17432,17813
17434,15562
17452,17464
17459,17239
17462,17504
17471,15532
17473,15532
17477,15532
17481,15532
17483,15537
17486,15532
17488,15537
17490,15562
17496,17813
17498,15562
17519,15987
17521,15562
17529,17621
17545,15562
17549,17621
17557,17813
17559,15993
17561,15562
17582,17832
17600,17813
17602,15993
17604,15562
17609,15993
17611,15562
17617,17239
17619,17644
17626,16255
17635,15562
17639,16255
17651,15987
17662,15562
17673,17400
17680,17464
17697,15562
17700,17813
17706,17813
17708,15562
17712,16255
17720,17813
17722,15993
17724,15562
17730,17239
17733,17735
17749,15562
17756,17758
17767,15987
17769,15562
17772,16255
17778,17813
17780,15993
17782,15562
17788,17239
17791,17793
17800,17813
17803,17813
17818,17804
17836,17804
17884,84703
17911,85146
17918,85154
17935,19513
17963,84703
18002,85146
18018,19513
18048,84703
18084,85146
18091,85154
18109,19513
18141,84703
18171,85265
18179,85146
18186,85154
18204,19513
18232,84703
18265,19547
18276,19513
18311,84703
18345,85639
18347,85515
18360,19445
18382,18400
18393,82492
18404,85110
18406,82476
18458,84703
18492,85639
18494,85515
18507,19445
18526,85110
18541,82468
18547,18530
18567,18530
18602,84703
18633,85300
18666,85254
18677,85146
18682,85154
18742,84703
18776,85639
18778,85515
18791,19445
18807,18824
18816,18824
18831,85110
18844,82457
18850,18832
18870,18832
18896,84703
18926,19547
18937,19513
18965,84703
18992,19547
19003,19513
19031,84703
19061,19547
19072,19513
19094,84703
19183,84703
19222,85146
19238,19513
19266,84703
19296,19547
19307,19513
19332,84703
19364,19513
19392,84703
19422,19547
19433,19513
19464,85639
19488,88629
19523,6628
19556,85265
19569,85146
19576,85154
19609,84703
19648,19547
19658,19513
20838,21561
20844,21561
20849,21561
20854,21561
20859,21561
20868,21561
20873,21561
20878,21561
20891,21561
20896,21561
20901,21561
20906,21561
20911,21561
20916,21561
20921,21561
20926,21573
20932,21561
20937,21561
20942,21561
20947,21561
20952,21561
20957,21561
20962,21561
20967,21573
20972,21573
20977,21561
20982,21561
20990,21561
20995,21561
21000,21561
21005,21561
21010,21561
21015,21561
21020,21561
21025,21561
21030,21561
21156,21561
21161,21561
21166,21561
21171,21561
21194,84703
21201,84703
21208,84703
21218,21561
21223,21561
21228,21561
21345,21561
21350,21561
21355,21561
21360,21561
21365,21561
21370,21561
21375,21561
21380,21561
21385,21561
21390,21561
21395,21561
21400,21561
21405,21561
21410,21561
21415,21561
21420,21561
21425,21561
21430,21561
21435,21561
21440,21561
21445,21561
21450,21561
21455,21561
21460,21561
21465,21561
21494,84703
21519,21561
21524,21561
21535,21561
21540,21561
21545,21561
21566,84703
21576,84703
21604,84703
21642,21678
21648,21988
21661,21678
21701,88000
22219,22073
22308,84703
22355,22610
22362,22660
22375,22610
22615,22392
22680,84703
22709,22731
22730,22731
22810,84703
22867,86900
22956,84703
23064,85475
23066,85664
23091,85664
23235,24177
23246,24177
23248,24177
23264,24177
23277,24138
23284,24177
23311,24177
23316,24177
23317,24177
23332,24177
23344,24177
23361,24177
23469,24177
23504,24177
23515,24177
23520,24177
23533,24177
23538,24177
23551,24177
23552,24177
23573,24177
23574,24177
23597,24177
23598,24177
23613,24177
23614,24177
23641,24177
23678,24177
23693,24177
23694,24177
23709,24177
23710,24177
23719,24177
23724,24177
23741,24177
23746,24177
23769,24177
23770,24177
23781,24177
23786,24177
23845,24177
24006,24177
24026,24177
24048,85475
24056,24177
24074,85475
24081,24177
24097,24177
24167,24177
24202,84703
24226,24210
24238,24210
24254,84703
24330,84703
24597,84703
24665,24996
24670,24860
24701,25203
24795,25336
24803,25336
24826,25336
24856,24653
24882,24895
24921,86900
24933,24895
24960,24895
24986,24895
25258,86900
25313,25203
25329,25203
25370,25473
25611,25473
25706,86900
25789,84703
25819,85639
25846,86711
25851,85557
25863,25805
25881,85584
25894,25805
25904,85597
25908,25805
25912,85529
25922,25805
25931,25805
25941,25805
25942,86745
25972,86745
25980,86745
26012,85475
26015,85584
26019,85475
26028,85475
26034,85529
26035,85584
26044,85597
26045,26024
26089,84703
26198,26836
26202,26836
26237,85597
26238,26223
26650,26223
26656,26223
26697,26830
26707,26830
26811,26600
26838,86738
26849,26778
26859,26223
26921,27005
26987,27005
27046,26968
27070,27005
27085,26968
27108,27005
27120,27005
27138,26968
27167,27005
27191,27544
27206,27544
27221,27544
27234,27544
27264,88406
27284,27005
27410,88406
27420,88406
27425,27909
27439,88406
27486,27375
27621,27544
27661,27544
27675,27544
27691,27495
27704,27286
27719,27544
27789,85475
27804,85475
27818,85639
27832,26006
27847,26006
27861,26024
27876,26024
27985,27909
28036,84703
28093,28223
28095,28668
28104,28223
28105,28668
28111,85216
28126,85254
28130,28106
28176,28351
28190,28351
28226,85557
28290,86865
28301,86872
28310,28231
28323,28231
28334,28231
28342,28231
28396,85543
28400,28223
28401,28223
28404,85419
28405,85254
28422,85475
28439,85419
28465,85475
28486,85419
28496,85419
28506,85254
28521,85419
28546,28223
28556,28223
28561,85570
28565,85475
28587,28223
28609,85557
28618,85557
28627,28134
28639,28223
28654,28223
28727,28668
28737,28134
28748,85419
28760,85419
28797,85584
28805,28668
28810,85557
28815,28134
28834,28668
28857,85557
28875,28588
28882,28588
28886,28588
28890,28588
28898,28668
28901,28588
28905,28668
28910,28389
28911,28668
28914,28668
28925,28668
29014,84703
29076,85584
29113,85529
29121,29095
29144,29095
29152,85529
29156,15257
29201,29095
29210,29095
29213,85584
29221,29095
29231,85584
29247,85584
29254,29070
29269,85584
29307,85584
29313,29095
29319,29095
29328,85475
29336,85475
29344,85584
29365,85584
29372,29095
29379,85475
29384,29095
29389,85475
29404,85475
29417,85475
29451,85475
29458,85475
29473,85475
29490,85475
29496,29070
29501,85475
29507,29070
29516,85475
29524,29070
29527,85475
29535,29070
29543,85584
29554,29095
29556,85419
29565,29095
29567,85404
29571,29095
29574,29095
29578,85543
29587,29095
29589,85570
29605,29095
29635,84703
29656,31263
29668,29788
29674,29691
29686,29691
29695,31270
29792,31270
29947,84703
29968,31263
29980,30154
29986,30008
29998,30008
30018,31270
30162,31270
30367,84703
30388,31263
30409,30482
30428,30482
30439,30482
30452,30482
30462,30482
30471,85254
30488,30467
30491,30467
30496,31270
30501,33851
30515,33851
30536,84703
30557,31263
30569,30690
30575,30592
30587,30592
30596,31270
30694,31270
30849,84703
30870,31263
30882,31057
30888,30910
30900,30910
30920,31270
31065,31270
31292,88687
31308,88687
31314,85254
31372,85274
31401,85287
31463,81815
31548,84703
31608,32485
31611,33751
31678,32553
31683,32633
31882,33842
31911,32710
32028,33842
32080,33842
32156,32710
32265,33842
32399,33842
32476,35408
32618,32710
32682,33842
32761,84703
32900,33518
33072,84703
33313,33893
33454,34334
33457,34322
33464,35466
33477,35466
33487,34334
33557,34322
33580,34334
33590,34322
33610,34322
33614,34322
33995,84703
34330,33842
34552,35408
34623,34334
34627,33401
34634,34322
34655,84703
34724,34565
34840,84703
34909,34344
34915,33618
34919,34472
34933,34963
35229,84703
35340,33359
35473,33842
35489,84703
35535,35581
35541,35581
35548,35581
35555,35581
35561,35581
35568,35581
35576,35581
35669,35647
35685,35647
35738,35647
35739,35640
35741,35640
35827,84703
35859,85475
35889,84703
35913,84186
35941,84703
36048,84703
36167,84703
36227,66974
36242,66974
36255,66974
36276,85200
36297,36206
36317,85154
36327,85216
36385,84703
36405,87823
36423,87823
36473,84703
36511,84710
36553,84040
36567,84040
36612,84186
36620,84186
36696,84703
36767,84703
36798,88089
36850,84703
36930,84703
37031,84703
37116,84703
37240,84703
37285,84703
37359,84703
37396,84703
37429,84710
37565,84186
37573,84186
37651,84703
37671,87823
37689,87823
37739,84703
37777,84710
37819,84040
37833,84040
37878,84186
37886,84186
38003,84703
38112,37984
38120,37984
38126,6461
38203,84703
38234,38239
38235,82426
38258,85200
38310,84703
38418,84703
38595,84703
38622,67090
38693,84703
38718,67107
38774,84186
38797,84703
38830,38882
38858,38882
38870,84186
38929,84703
38954,67116
38957,38992
38979,38992
38991,84186
39065,84703
39210,84703
39354,39356
40495,39239
40496,81815
40497,81815
40506,85254
40524,39239
40534,39329
40537,39342
40644,84703
40700,84703
40764,41054
40772,41054
40778,41054
40784,41054
40843,40785
40852,40808
40857,41054
41032,40911
41040,40990
41045,40891
41050,40946
41065,40831
41076,41025
41113,84703
41177,41282
41390,84703
41416,84703
41598,41455
41625,84703
41706,41736
41718,41833
41727,41919
41743,86900
41809,86900
41814,67328
41837,86900
41847,81815
41877,41833
41923,41833
41959,84703
42121,84186
42219,84703
42247,67217
42275,84186
42326,84703
42368,42380
42420,84703
42496,84703
42666,84703
42716,84186
42738,84703
42783,84186
42812,84703
42835,67246
42995,84703
43073,84703
43094,84186
43128,84703
43217,84703
43315,84703
43513,84703
43708,84703
43868,84703
43936,84703
43996,84703
44050,84703
44121,84703
44191,85146
44192,85146
44298,84703
44341,84186
44360,84703
44385,84186
44404,84703
44434,84186
44453,84703
44477,84186
44496,84703
44538,45003
44546,45003
44552,45003
44583,45178
44613,45003
44619,45003
44625,45003
44670,45178
44692,45003
44698,45020
44704,45178
44719,45020
44725,45053
44731,45197
44752,45038
44759,45038
44764,45241
44785,45003
44791,45020
44807,45178
44831,45020
44837,45053
44859,45197
44892,45003
44898,45003
44912,45241
44939,45020
44945,45020
44963,45241
44987,45105
44993,45270
45002,85154
45012,45080
45016,44995
45018,44995
45028,45080
45032,44995
45034,44995
45036,44995
45048,45080
45061,45080
45068,44995
45070,44995
45072,44995
45074,44995
45076,44995
45078,44995
45113,44995
45116,44995
45131,44995
45134,44995
45145,44995
45148,44995
45151,44995
45165,44995
45168,44995
45171,44995
45345,45241
45362,84703
45412,45444
45431,45490
45448,45583
45452,45583
45455,45583
45458,45625
45466,45625
45472,45639
45478,45872
45494,45583
45497,45583
45500,45583
45503,45583
45511,45614
45518,45614
45524,45614
45530,45614
45535,45656
45543,45625
45549,45625
45555,45625
45561,45625
45566,45766
45783,45730
45787,45730
45791,45730
45795,45730
45799,45730
45966,84703
46194,84703
46254,84186
46285,84703
46422,84703
46551,84703
46583,81815
46594,6628
46597,85254
46603,46611
46610,46611
46634,46669
46648,46611
46665,46611
46735,84703
46760,46764
46762,88000
46778,81928
46801,85254
46839,84703
46888,85254
46894,85146
46895,85154
46926,6628
46934,88000
46938,81815
46954,6540
46975,46989
47003,6540
47020,46989
47045,84703
47092,84703
47114,47138
47126,47138
47134,47138
47148,81815
47151,81815
47154,82273
47157,82273
47161,81815
47165,81815
47239,84703
47284,84703
47311,88000
47320,85254
47348,88000
47355,88000
47372,88687
47387,47411
47403,88687
47410,88687
47417,88000
47585,84703
47606,47701
47608,81815
47614,47701
47615,81815
47620,47701
47624,81815
47630,47701
47631,81815
47636,47701
47637,81815
47642,47701
47645,81815
47651,47701
47662,47701
47671,47701
47682,47701
47689,47701
47696,47701
47705,86900
47726,47736
47731,47772
47776,85254
47851,84703
47871,85254
47875,47969
47882,47969
47889,86900
47894,85254
47898,47922
47904,47922
47925,85254
47958,47922
47965,47969
47989,47995
48000,85254
48006,85254
48025,48037
48063,47995
48085,84703
48114,48444
48119,48444
48196,48106
48201,85254
48208,85254
48216,85254
48222,85254
48229,48444
48235,48444
48373,48106
48448,85254
48518,48549
48521,48727
48530,48914
48539,49218
48936,88000
49043,49481
49089,49382
49116,49411
49137,49481
49212,49519
49261,49571
49331,49588
49605,49646
49612,49705
49630,49705
49631,49690
49643,49711
49687,49690
49689,49711
49728,49705
49777,49789
49783,49891
49822,50592
49831,50423
49852,49976
49862,50294
49866,50028
49870,50423
49874,50592
49887,50509
49889,88000
49890,88000
49914,50592
49921,50469
49939,50003
49949,50158
49953,50096
49957,50469
49960,50592
49973,50509
49974,88000
49975,88000
50047,50592
50051,50592
50109,50592
50113,50592
50183,50592
50188,50592
50315,50592
50318,50592
50646,84703
50715,49735
50736,48457
50772,50816
50782,50816
50794,50816
50809,50816
50845,88687
50857,50907
50861,50931
50864,50879
50870,50952
50873,49763
50876,50952
50878,48501
50995,85146
50996,85216
51001,85154
51006,85200
51015,85664
51114,84703
51158,88687
51169,51266
51174,51303
51262,85287
51326,51336
51398,84703
51443,51447
51453,81815
51459,51658
51463,51473
51470,51447
51478,81815
51491,51473
51498,51658
51504,81815
51524,51499
51525,51473
51526,51499
51614,51658
51618,51658
51636,51447
51677,51658
51686,51658
51732,51527
51756,84703
51776,51790
51787,82492
51796,85110
51798,82476
51838,84703
51855,82426
51863,82426
51891,84703
51916,85110
51931,82468
51937,51920
51956,51920
51979,84703
51994,82614
52027,84703
52068,52149
52078,52149
52084,52149
52092,52149
52099,52125
52105,52125
52111,52125
52122,52125
52137,52149
52142,52149
52156,85154
52157,85154
52159,85154
52166,85154
52174,86900
52182,86900
52224,81955
52264,84703
52287,85254
52290,81815
52327,84703
52360,85254
52363,81815
52373,85254
52395,88687
52410,85254
52414,52444
52423,52444
52430,88687
52437,88687
52698,84703
52718,52742
52730,52742
52738,52742
52749,81815
52758,81815
52767,81815
52770,81815
52847,84703
52873,85110
52895,52877
52990,52877
53007,84703
53027,53043
53034,53043
53055,53109
53081,53109
53159,84703
53180,53210
53186,53210
53191,53210
53198,53210
53204,53210
53209,53210
53265,84703
53285,53301
53292,53301
53313,53345
53328,53345
53404,84703
53426,53486
53429,53486
53453,53486
53459,53486
53462,53486
53475,53486
53483,53486
53491,53527
53499,53551
53525,81955
53540,85154
53564,86900
53591,84703
53623,53643
53632,53643
53637,53643
53648,86900
53654,85254
53669,53682
53681,53682
53809,84703
53848,85254
53851,81815
53857,54122
53875,54122
53909,85254
53913,53942
53923,53942
53931,88687
53939,88000
53952,54076
53978,88000
53997,54114
54081,53972
54096,54114
54106,54114
54152,84703
54185,54259
54187,54323
54194,54259
54195,54323
54202,54259
54203,54356
54205,54259
54206,54323
54212,54259
54213,54356
54214,54259
54215,54323
54225,54259
54226,54386
54233,54259
54234,54386
54243,54259
54244,54429
54247,54259
54248,54386
54255,54259
54256,54429
54257,54259
54258,54386
54269,86878
54277,54468
54300,86865
54305,54259
54306,54386
54306,54429
54318,54259
54319,54323
54319,54356
54544,84703
54582,82101
54622,84703
54646,6461
54649,85254
54657,85154
54671,85154
54676,85254
54686,54730
54710,88000
54722,88000
54726,81955
54756,6540
54767,86900
54774,88687
54823,84703
54842,54880
54857,54880
54866,54880
54876,54880
54891,81815
54945,84703
54998,55057
55008,55057
55018,55088
55021,55139
55027,55088
55039,55139
55047,55088
55049,55139
55054,55088
55056,55139
55062,85154
55086,55118
55153,85154
55222,55106
55228,55106
55230,55106
55236,55106
55238,55106
55244,55106
55246,55106
55252,55106
55258,55106
55260,55106
55266,55106
55268,55106
55274,55106
55276,55106
55282,55106
55291,55118
55316,84703
55341,55345
55343,88000
55359,81928
55382,85254
55407,84703
55459,86878
55479,84703
55511,55598
55522,55609
55539,55598
55547,55609
55561,55598
55565,55580
55570,55609
55577,55580
55604,81815
55643,84703
55733,85254
55736,81815
55754,88687
55769,55675
55776,88687
55783,88687
55806,84703
55823,82273
55824,88000
55832,82273
55847,88000
55880,84703
55933,88000
55945,88000
55972,85311
55986,6540
55995,81928
56001,81928
56045,6540
56079,6540
56088,81928
56093,81928
56158,6540
56173,84465
56183,6540
56199,88000
56201,84496
56224,84703
56244,56254
56276,88000
56283,88687
56318,88687
56324,88687
56404,88687
56426,84703
56443,56451
56488,88687
56496,56513
56502,56565
56511,88687
56550,88000
56683,88000
56721,84703
56743,56803
56746,56803
56770,56803
56776,56803
56779,56803
56792,56803
56800,56803
56808,56844
56816,56868
56842,81955
56857,85154
56881,86900
56905,84703
56943,57003
56946,57003
57034,84703
57051,86900
57060,86900
57077,88599
57082,88599
57085,88599
57091,88599
57119,57177
57122,57177
57204,84703
57252,84186
57275,84703
57301,67701
57339,57291
57438,57458
57495,57458
57542,84703
57573,57594
57581,57594
57587,57594
57593,57594
57696,84703
57759,67879
57774,57837
57784,87970
57809,57732
57827,57918
57833,57918
57964,57837
57990,84703
58022,84149
58067,84703
58087,86900
58096,86900
58107,88599
58121,58167
58124,58167
58202,84703
58215,58767
58233,58767
58243,58284
58251,58284
58257,58284
58265,58284
58272,58284
58280,58284
58305,85254
58309,85254
58327,82426
58330,82426
58360,85146
58396,58787
58402,58787
58454,84703
58467,58767
58485,58767
58492,58531
58498,58531
58502,58531
58506,58514
58510,58514
58513,58514
58519,58704
58524,58531
58527,85254
58536,58787
58542,84703
58554,58767
58569,58767
58576,58583
58579,58583
58582,58583
58588,58787
58614,84703
58627,58767
58645,58767
58652,58691
58658,58691
58662,58691
58666,58674
58670,58674
58673,58674
58679,58704
58684,58691
58687,85254
58700,58787
58738,58704
58786,58774
58829,84703
58885,84710
58907,84040
58940,84703
58955,87823
58985,84703
59011,85664
59015,85664
59062,59132
59080,59291
59091,59004
59096,59202
59117,59244
59137,85287
59138,85287
59141,59202
59151,85287
59154,59132
59159,85287
59162,59132
59166,85274
59169,59132
59175,85274
59178,59132
59190,59132
59198,59132
59201,59202
59267,59202
59281,59004
59348,84703
59378,84703
59392,84703
59447,84703
59464,59471
59502,59471
59546,84703
59590,84710
59608,84703
59673,84703
59701,87823
59712,84040
59725,84445
59731,84703
59745,87823
59762,84703
59819,84703
59869,84710
59889,84040
59915,84703
59932,87823
59970,84703
60020,84710
60039,84040
60066,84703
60082,87823
60120,84703
60170,84710
60190,84040
60217,84703
60234,87823
60272,84703
60322,84710
60341,84040
60367,84703
60383,87823
60412,84703
60458,84710
60484,84703
60539,84703
60583,82426
60598,82426
60663,84703
60706,82426
60714,82524
60717,82426
60729,82524
60732,82426
60798,82582
60801,82582
60820,84703
60861,82426
60928,84703
60973,82524
60976,82426
60989,82524
60992,82426
61048,82582
61051,82582
61072,84703
61111,82524
61114,82426
61127,82524
61130,82426
61200,84703
61232,82426
61279,84703
61313,82426
61343,61358
61356,61382
61442,84703
61464,82426
61467,82426
61486,82426
61488,82426
61497,82426
61543,84703
61574,82426
61582,82426
61586,82426
61590,82426
61613,84703
61646,82426
61654,82426
61658,82426
61662,82426
61688,84703
61722,61748
61731,61794
61737,61855
61747,84186
61973,84703
61998,62026
62011,62071
62019,84129
62025,62026
62032,62039
62038,63663
62076,81815
62084,6628
62089,62095
62094,63663
62119,62039
62123,89003
62136,62095
62153,62095
62178,84703
62202,62203
62208,82426
62258,63663
62284,84703
62307,84209
62317,84129
62323,62338
62337,63663
62344,84149
62371,63663
62416,84703
62438,84129
62444,62475
62454,84209
62463,81815
62474,63663
62483,84149
62500,63663
62533,84703
62555,82426
62620,63663
62655,84129
62661,62547
62687,84703
62710,84209
62720,84129
62726,62741
62740,63663
62747,84149
62774,63663
62809,84703
62829,62830
62835,82426
62930,84703
62960,62961
62967,84149
62983,63663
63027,84703
63067,85265
63082,85146
63094,63262
63101,86900
63122,63262
63127,85154
63151,63262
63191,63262
63199,85265
63222,85146
63232,85154
63254,63262
63269,82426
63280,85146
63470,84703
63495,63496
63518,85265
63573,84703
63597,84129
63603,63604
63611,84149
63627,63663
63652,84209
63657,63663
63692,85664
63725,85664
63761,84703
63787,63804
63795,63900
63803,63804
63822,84149
63840,63663
63853,84149
63885,85154
63914,63804
63918,63663
63934,84703
63982,84703
64009,84703
64053,84703
64103,84703
64163,85241
64166,88687
64185,84703
64253,84703
64278,67983
64333,84703
64384,84703
64414,68004
64455,84703
64485,68026
64526,84703
64577,84703
64607,68058
64648,84703
64687,68069
64742,84703
64810,84703
64852,84703
64918,84703
65021,84703
65049,68131
65086,84703
65130,84703
65167,84703
65220,84703
65270,84703
65323,84703
65373,84703
65426,84703
65473,84703
65516,84703
65551,84703
65595,84703
65619,84703
65679,84703
65730,84703
65756,84703
65816,84703
65856,84186
65878,84703
65924,84186
65947,84703
66007,84186
66026,84703
66047,84186
66069,84703
66134,84186
66153,84703
66417,66267
66458,84186
66480,84703
66546,84186
66570,84703
66625,85664
66687,84703
66716,84703
66759,84703
67019,86900
67021,86900
67053,86900
67055,86900
67269,86900
67271,86900
67361,86900
67370,87482
67400,86900
67402,86900
67419,86900
67435,86900
67437,86900
67453,86900
67455,86900
67471,86900
67473,86900
67489,86900
67491,86900
67507,86900
67509,86900
67534,86900
67543,86900
67599,88599
67709,86900
67725,88599
67741,67701
67906,67879
68306,86900
68368,84703
68477,84703
68599,84186
68618,84703
68703,84186
68730,84703
68753,85653
68803,88687
68828,68740
68842,68865
68849,88326
68862,68865
68877,68740
68924,68740
68931,68740
68946,68830
68954,88406
68960,68844
68978,68937
68991,68844
69011,84703
69060,84703
69148,87143
69154,87143
69161,85146
69283,85146
69287,85230
69298,85146
69388,84703
69491,84186
69510,84703
69591,84703
69666,84186
69733,84703
69755,85241
69762,85254
69774,88000
69781,88000
69830,81907
69848,71220
69854,81815
69858,81907
69874,85664
69903,69739
69934,82614
69962,69739
69979,70134
69985,70255
70012,6540
70026,81928
70050,81928
70077,6540
70096,70522
70116,81928
70127,81928
70139,85311
70151,69996
70168,6540
70191,81928
70196,81928
70201,69739
70202,70207
70232,81928
70246,81928
70253,70207
70279,85254
70292,81815
70302,70061
70314,6540
70347,82353
70351,88181
70354,6540
70366,70522
70373,70377
70398,81928
70411,81928
70413,70377
70427,85265
70453,70571
70458,70460
70486,81955
70499,70571
70506,82101
70520,82160
70566,70460
70575,69739
70578,88000
70582,88000
70614,85110
70629,70618
70649,70618
70660,82614
70662,69739
70685,70674
70692,70674
70721,70707
70733,70707
70751,70593
70772,69739
70789,70593
70820,69739
70831,88000
70851,88687
70862,88687
70896,85154
70906,85146
70908,86900
70963,69739
70995,85154
71005,85146
71007,86900
71016,85154
71025,85146
71027,86900
71074,85254
71110,85154
71111,71069
71111,71092
71111,71101
71114,71069
71114,71092
71114,71101
71125,81955
71139,71069
71139,71092
71139,71101
71141,69739
71154,69739
71168,85146
71170,86900
71172,85146
71174,86900
71187,81928
71192,81928
71197,71207
71240,71220
71249,71220
71272,84703
71516,71704
71540,71549
71546,71432
71564,71577
71567,71628
71646,71577
71648,71628
71777,71652
71874,84703
71898,85241
71906,85254
71992,85664
72055,85254
72058,71882
72108,71882
72111,88000
72115,88000
72149,71882
72251,84703
72470,84703
72516,85300
72534,85254
72539,72600
72574,72600
72617,86900
72633,72476
72637,88000
72654,72476
72829,72807
72958,72650
72988,84703
73027,85154
73044,85154
73059,85154
73150,72991
73155,72991
73169,72991
73236,73181
73271,73181
73359,73301
73384,73301
73402,73378
73414,87143
73425,87143
73431,87143
73443,73409
73474,72991
73497,84703
73863,84703
73889,85241
73896,85254
73899,73988
73952,74033
73962,85664
74002,88000
74008,88000
74013,88000
74018,88000
74027,74033
74065,85241
74183,73873
74214,82614
74242,73873
74291,74303
74297,74479
74308,85311
74320,74648
74337,6540
74368,81928
74373,81928
74471,73873
74503,85254
74517,81815
74527,74726
74541,6540
74574,82353
74578,88181
74581,6540
74599,81928
74601,74726
74625,81928
74634,81928
74636,74726
74664,6540
74683,81928
74688,81928
74694,74886
74742,6540
74775,85241
74803,75018
74824,81928
74826,81928
74829,74886
74862,74907
74876,74928
74957,85265
74995,85146
74997,86900
75005,88687
75010,75481
75015,75018
75028,85241
75281,85146
75283,86900
75293,88687
75306,82160
75321,75481
75464,74886
75472,74928
75485,73873
75491,88000
75495,88000
75499,88000
75503,88000
75553,85110
75572,75577
75597,85241
75620,75557
75668,75615
75704,75615
75712,73873
75885,75911
75902,75911
75971,88000
75994,74248
76006,88687
76007,88687
76008,88687
76044,88687
76045,88687
76049,88687
76062,88687
76063,75882
76102,85154
76112,85146
76114,86900
76214,73873
76229,73873
76255,85154
76265,85146
76267,86900
76276,85154
76285,85146
76287,86900
76299,85241
76351,85254
76410,76346
76410,76369
76410,76378
76427,73873
76446,85146
76448,86900
76450,85146
76452,86900
76465,81928
76470,81928
76475,76515
76533,74886
76537,74886
76663,84703
76688,85154
76700,85254
76710,85154
76739,84703
76758,76793
76767,76793
76774,76793
76782,76793
76787,76793
76834,84703
76885,84703
76933,77030
76939,77030
76965,77056
76968,77056
76989,77030
76999,77030
77015,77045
77026,77045
77095,84703
77154,6540
77322,84703
77383,6540
77554,84703
77613,6540
77799,84703
77866,6540
78141,84703
78208,6540
78477,84703
78526,6540
78633,84317
78635,84317
78738,84703
78778,6540
78877,78915
78880,78915
78975,84703
79042,6540
79272,84703
79339,6540
79551,84703
79734,84703
79923,84703
80112,84703
80163,6540
80216,80231
80271,80231
80296,84703
80355,80371
80368,88000
80414,80371
80447,84703
80863,88089
80976,84703
81007,80880
81011,80917
81106,84186
81135,84703
81214,81138
81241,84703
81280,84186
81303,84703
81387,84703
81423,84703
81479,84186
81488,81742
81494,81742
81499,81742
81504,81742
81509,81742
81514,81742
81519,81742
81524,81742
81529,81742
81534,81742
81539,81742
81544,81742
81549,81742
81554,81742
81559,81742
81564,81742
81569,81742
81574,81742
81579,81742
81584,81742
81589,81781
81595,81742
81600,81742
81605,81742
81610,81742
81615,81742
81620,81742
81625,81742
81630,81781
81635,81781
81640,81742
81645,81742
81650,81742
81655,81742
81660,81742
81665,81742
81670,81742
81675,81742
81680,81742
81685,81781
81691,81742
81696,81742
81701,81742
81706,81742
81711,81742
81716,81742
81721,81742
81726,81742
81731,81742
81736,81742
81741,81742
81752,84703
81787,84703
81857,6540
81883,6540
81888,81839
81902,6540
81922,6540
81926,81839
81935,85146
81937,86900
81953,6628
81988,85146
81990,86900
81998,88687
82006,82009
82062,82009
82075,82009
82108,82426
82130,6540
82133,82160
82138,82218
82144,6540
82148,82228
82157,6540
82164,82218
82279,81815
82311,82317
82341,82317
82360,81815
82378,82388
82411,82388
82482,81815
82499,81815
82655,82614
82824,82992
82986,82992
83019,83168
83021,82833
83037,83168
83042,83168
83043,82833
83057,83168
83381,82833
83387,82833
83418,82992
83605,84936
83621,84936
83642,84936
83656,84936
83662,84962
83705,86900
83870,84033
83874,84019
83878,83965
83882,83677
83885,83677
83888,83677
83939,84019
84143,85265
84154,85254
84181,84149
84204,84186
84220,81815
84230,6628
84233,85254
84239,84246
84245,84246
84282,89003
84295,84246
84312,84246
84453,87823
84457,87823
84472,84610
84474,84531
84484,84570
84502,84610
84503,84531
84525,88406
84541,88406
84564,84570
84585,88406
84595,88406
84717,88550
84723,84866
84774,84849
84777,82686
84791,84769
84812,84769
84834,84849
84844,84751
84877,84915
84980,86537
85272,85254
85387,85200
85389,85216
85495,85475
85499,85584
85506,85475
85678,85154
86484,88406
86491,86462
86493,88406
86498,86462
86504,86505
86640,86565
86715,84465
86724,84496
86734,84526
86753,86738
86755,86794
86760,85372
86763,86691
86783,86701
86788,86711
86791,84496
86836,86794
86850,85372
87081,86900
87106,86900
87186,85146
87191,85146
87212,87482
87216,87558
87220,87353
87224,87051
87227,87051
87230,87051
87235,87614
87365,87261
87369,87715
87392,85146
87458,85146
87495,87261
87501,87715
87527,87787
87537,87787
87570,87261
87574,87715
87589,87787
87644,87261
87648,87715
87657,87558
87673,87787
87680,87787
87694,87787
88043,88000
88053,85154
88063,88066
88079,88406
88100,88406
88124,88406
88159,88108
88217,88181
88247,88181
88273,88276
88283,88406
88295,88276
88374,88364
88433,88588
88437,88426
88469,88588
88472,88462
88540,88426
88545,88462
88619,88599
88620,88599
88641,86821
88646,86821
88647,86738
88694,88715
88722,87143
88724,85154
88727,83798
88729,88949
88761,88914
88764,85241
88823,88687
88941,88914
88948,88687
88976,85241
88984,85664
88987,85241
88994,85664
89127,89069
89139,89069
89269,89220
89286,89398
89291,89398
89292,89243
89325,89195
89330,89243
89332,89195
89339,89195
89350,89195
89364,89195
89499,89482
89559,89438
89564,89448
89570,89438
89575,89482
89580,89438
89585,89448
89590,89438
89595,89482
89600,89438
89605,89448
89610,89438
89615,89482
89620,89438
89625,89448
89630,89438
89635,89482
89640,89438
89645,89448
89650,89438
89655,89482
89723,4565
89755,89728
89766,89728
89869,89870
89886,89833
89895,89833
89905,89833
89915,89833
89923,89924
89936,89833
89945,89833
89954,89833
89963,89833
89970,89971
89987,89833
89996,89833
90005,89833
90014,89833
90021,90022
90033,89833
90042,89833
90052,89833
90061,89833
90068,90069
90101,89833
90110,89833
90118,89833
90131,89833
90390,90339
90421,90330
90427,90339
90667,90554
90769,90554
90829,4565
90863,4565
90965,4565
90974,4565
90987,4565
91035,85664
91104,85372
91109,85372
91113,85254
91118,85254
91212,4565
91243,4565
91397,4565
91406,4565
91424,4565
91436,4565
91487,85664
91547,85372
91552,85372
91556,85146
91666,4565
92145,92115
92160,92115
92173,92115
92204,92115
92748,92780
92773,92780
92779,92780
92976,92998
92997,92998
93017,264720
93028,264720
93038,264720
93057,264557
93113,265946
93289,92719
93309,92960
93318,92719
93447,264720
93452,93587
93494,264720
93498,93587
93531,264720
93535,93587
93568,264720
93572,93587
93781,264720
93808,264720
93834,264720
93950,264720
93997,264720
94036,264720
94075,264720
94217,94226
94225,94226
94377,264557
94382,264557
94385,264557
94394,264557
94404,264557
94408,264557
94411,264557
94417,264557
94424,264557
94432,264557
94437,264557
94447,264557
94458,264557
94464,264557
94469,264557
94477,264557
94486,264557
94496,264557
94499,264557
94507,264557
94516,264557
94520,264557
94523,264557
94529,264557
94536,264557
94544,264557
94547,264557
94555,264557
94564,264557
94568,264557
94571,264557
94577,264557
94584,264557
94599,264557
94607,264557
94616,264557
94624,264557
94627,264557
94635,264557
94639,264557
94645,264557
94653,264720
94680,264720
94705,264720
94725,264720
94749,264720
94858,264557
94867,264557
94875,264557
94883,264557
94891,264557
94899,264557
94907,264557
94915,264557
94923,264557
94931,264557
94939,264557
95263,84703
95278,84703
95295,84703
95666,88406
95669,88406
95697,264557
95892,88406
95899,88406
95927,88406
95956,4565
95988,4565
96017,4565
96038,4565
96067,4565
96107,4565
97665,6461
97707,6461
97746,6461
97768,6540
97809,6540
97842,6540
97880,6540
97922,6540
97944,6628
97985,6628
98020,6628
98053,6628
98086,6628
98124,6628
98794,264557
99067,264557
99292,86745
107397,86768
107448,86768
107515,86768
108844,86768
108922,86768
111323,111295
111369,111295
111409,111295
111413,111295
111428,111295
111431,111295
111448,111295
111451,111295
111498,111473
111503,111473
111554,111531
111559,111531
111562,111531
113690,113595
113702,113595
113714,113595
113726,113595
113738,113595
113856,113595
113862,113595
113868,113595
113874,113595
113912,113595
113918,113595
113924,113595
113930,113595
113960,113595
113966,113595
113972,113595
113982,113595
113994,113595
114002,113595
114010,113595
114018,113595
114026,113595
114034,113595
114042,113595
114054,113595
114062,113595
114068,113595
114076,113595
114082,113595
114090,113595
114097,113595
114105,113595
114116,113595
114122,113595
114134,113595
114140,113595
114146,113595
114156,113595
114162,113595
114170,113595
114297,113595
114308,113595
114346,113595
114352,113595
114358,113595
114364,113595
114382,113595
114388,113595
114406,113595
114412,113595
114422,113595
114560,113595
114578,113595
114588,113595
114688,114595
114696,114595
114704,114595
114712,114595
114720,114595
114728,114595
114736,114595
114744,114595
114752,114595
114760,114595
114768,114595
114776,114595
114784,114595
114792,114595
114800,114595
114808,114595
114816,114595
114824,114595
114832,114595
114840,114595
114852,114595
114864,114595
114876,114595
114888,114595
114978,113595
114986,113595
114994,113595
115000,113595
116603,116996
116606,116996
116612,116996
116613,116996
116619,116996
116620,116996
116626,116996
116627,116996
116634,116996
116636,116996
116643,116996
116650,116996
116657,116996
116665,116996
118478,15054
118482,15054
118486,15054
118498,15054
118519,15054
118520,15054
118524,15054
118525,15054
118529,15054
118562,15141
118566,15141
118570,15141
118574,15141
118578,15141
118596,15141
118597,15141
118601,15141
118602,15141
118606,15141
118624,15141
118628,15141
118647,15193
118651,15193
118655,15193
118659,15193
118677,15193
118681,15193
118685,15193
118689,15193
118713,15193
118717,15193
118721,15193
118729,15257
118733,15257
118737,15257
118741,15257
118824,264557
119459,118792
119467,118792
119526,118792
119530,118792
119534,118792
119538,118792
119542,118792
119546,118792
119550,118792
119554,118792
119558,118792
119562,118792
119566,118792
119570,118792
119574,118792
119578,118792
119582,118792
119586,118792
119590,118792
119594,118792
119598,118792
119602,118792
119606,118792
119610,118792
119614,118792
119618,118792
119623,118792
119627,118792
119632,118792
119637,118792
119642,118792
119647,118792
119652,118792
119657,118792
119661,118792
119667,118792
119673,118792
119679,118792
119684,118792
119688,118792
119692,118792
119696,118792
119700,118792
119704,118792
119708,118792
119712,118792
119716,118792
119720,118792
119726,264557
119728,118792
119743,118792
119750,118792
119758,118792
119765,118792
119772,118792
119779,118792
119786,118792
119793,118792
119800,118792
119807,118792
119814,118792
119821,118792
119828,118792
119835,118792
119842,118792
119849,118792
119856,118792
119863,118792
119870,118792
119877,118792
119884,118792
119891,118792
119898,118792
119905,118792
119917,118792
119924,118792
120189,118792
120193,118792
120201,118792
120205,118792
120209,118792
120213,118792
120217,118792
120221,118792
120232,118792
120239,118792
120251,118792
120255,118792
120259,118792
120263,118792
120267,118792
120278,118792
120282,118792
120291,118792
120295,118792
120303,118792
120320,118792
120324,118792
120334,118792
120338,118792
120348,118792
120358,118792
120376,118792
120380,118792
120388,118792
120392,118792
120396,118792
120400,118792
120404,118792
120408,118792
120419,118792
120426,118792
120437,118792
120441,118792
120445,118792
120449,118792
120453,118792
120464,118792
120468,118792
120476,118792
120480,118792
120488,118792
120505,118792
120509,118792
120519,118792
120523,118792
120533,118792
120543,118792
120561,118792
120568,118792
120584,118792
120590,264720
120593,118792
120597,264720
120599,118792
120602,264720
120604,118792
120617,264720
120619,118792
120625,264720
120627,118792
120633,264720
120635,118792
120641,264720
120643,118792
120649,264720
120651,118792
120657,264720
120659,118792
120665,264720
120667,118792
120710,264720
120712,118792
120721,264720
120723,118792
120732,264720
120734,118792
120737,264720
120739,118792
120744,264720
120746,118792
120751,264720
120753,118792
120758,264720
120760,118792
120765,264720
120767,118792
120775,264720
120777,118792
120780,264720
120782,118792
120787,264720
120789,118792
120804,118792
120809,118792
120814,118792
120819,118792
120833,118792
120837,118792
120856,118792
120874,118792
120881,118792
120888,118792
120898,118792
120907,118792
120924,118792
120945,118792
120953,118792
120961,118792
120969,118792
120977,118792
120985,118792
120993,118792
121003,118792
121012,118792
121021,118792
121030,118792
121039,118792
121062,118792
121069,118792
121091,118792
121098,118792
121108,118792
121128,118792
121135,118792
121147,118792
121164,118792
121171,118792
121185,118792
121205,118792
121212,118792
121228,118792
121250,118792
121252,118792
121270,118792
121311,118792
121327,118792
121340,118792
121349,118792
121354,118792
121371,118792
121378,118792
121391,118792
121404,118792
121415,118792
121423,118792
121427,118792
121434,118792
121449,118792
121463,118792
121472,118792
121474,118792
121478,118792
121487,118792
121498,118792
121509,118792
121518,118792
121526,118792
121536,118792
121543,118792
121550,118792
121557,118792
121564,118792
121571,118792
121582,118792
121587,118792
121608,118792
121619,118792
121626,118792
121637,118792
121653,118792
121667,118792
121679,118792
121693,118792
121708,118792
121717,118792
121726,118792
121735,118792
121744,118792
121764,118792
121789,118792
121817,118792
121832,118792
121844,118792
121869,118792
121897,118792
121925,118792
121937,118792
121953,118792
121965,118792
121977,118792
122000,118792
122006,118792
122025,118792
122029,118792
122037,118792
122041,118792
122047,264557
122049,118792
122053,118792
122059,118792
122069,118792
122073,118792
122081,118792
122093,118792
122112,118792
122132,118792
122152,118792
122159,118792
122167,118792
122176,118792
122187,118792
122198,118792
122209,118792
122231,118792
122243,118792
122250,118792
122277,118792
122288,118792
122305,118792
122312,118792
122324,118792
122328,118792
122346,118792
122349,264557
122351,118792
122355,264557
122357,118792
122418,264557
122496,118792
122500,118792
122504,118792
122508,118792
122510,264557
122512,118792
122523,118792
122534,118792
122545,118792
122562,118792
122573,118792
122588,118792
122607,118792
122626,118792
122630,118792
122634,118792
122638,118792
122643,118792
122647,118792
122649,264720
122651,118792
122656,118792
122673,118792
122710,118792
122744,118792
122752,118792
122766,118792
122771,118792
122776,118792
122790,118792
122794,118792
122810,118792
122815,118792
122819,118792
122823,118792
122827,118792
122832,118792
122836,118792
122840,118792
122852,118792
122859,118792
122882,118792
122892,118792
122902,264557
122904,118792
122906,264557
122908,118792
122910,264557
122912,118792
122914,264557
122916,118792
122927,118792
122937,264557
122939,118792
122941,264557
122943,118792
122957,118792
122961,118792
122965,118792
122973,118792
122977,118792
122985,118792
122989,118792
122996,118792
123000,118792
123004,118792
123008,118792
123017,264720
123019,118792
123021,264720
123023,118792
123025,264720
123027,118792
123029,264720
123031,118792
123033,264720
123035,118792
123039,118792
123045,118792
123054,264720
123056,118792
123058,264720
123060,118792
123062,264720
123064,118792
123067,264720
123069,118792
123073,118792
123084,118792
123088,118792
123092,118792
123103,118792
123107,118792
123111,118792
123119,118792
123123,118792
123127,118792
123135,118792
123139,118792
123143,118792
123147,118792
123151,118792
123155,118792
123161,264557
123163,118792
123165,264557
123167,118792
123174,118792
123180,264557
123182,118792
123184,264557
123186,118792
123192,264557
123194,118792
123196,264557
123198,118792
123205,118792
123211,264557
123213,118792
123215,264557
123217,118792
123219,264557
123221,118792
123228,118792
123234,264557
123236,118792
123238,264557
123240,118792
123246,264557
123248,118792
123250,264557
123252,118792
123259,264557
123261,118792
123267,264557
123269,118792
123271,264557
123273,118792
123281,118802
123285,118802
123289,118802
123293,118802
123297,118802
123301,118802
123305,118802
123309,118802
123313,118802
123317,118802
123321,118802
123325,118802
123329,118802
123333,118802
123337,118802
123341,118802
123345,118802
123349,118802
123353,118802
123357,118802
123361,118802
123365,118802
123369,118802
123373,118802
123377,118802
123381,118802
123385,118802
123389,118802
123393,118802
123397,118802
123401,118802
123405,118802
123409,118792
123416,118792
123425,118792
123434,118792
123443,118792
123447,118792
123454,118792
123517,118802
123525,118802
123529,118802
123533,118802
123537,118802
123541,118802
123545,118802
123549,118802
123553,118802
123557,118802
123561,118802
123565,118802
123569,118802
123573,118802
123577,118802
123581,118802
123585,118802
123589,118802
123593,118802
123597,118802
123601,118802
123605,118802
123609,118802
123613,118802
123617,118802
123621,118802
123625,118802
123629,118802
123633,118802
123637,118802
123641,118802
123645,118802
123719,264557
123721,118792
123723,264557
123725,118792
123728,264557
123730,118792
123738,118792
123742,118792
123746,118792
123754,118792
123758,118792
123762,118792
123770,118792
123774,118792
123778,118792
123782,118792
123786,118792
123790,118792
123798,118792
123802,118792
123806,118792
123810,118792
123814,118792
123818,118792
123826,118792
123830,118792
123834,118792
123838,118792
123842,118792
123846,118792
123854,118792
123862,118792
123866,118792
123875,118792
123879,118792
123887,118792
123891,118792
123895,118792
123899,118792
123903,118792
123907,118792
123915,118792
123919,118792
123923,118792
123927,118792
123931,118792
123935,118792
123943,118792
123947,118792
123951,118792
123955,118792
123959,118792
123963,118792
123971,118792
123975,118792
123979,118792
123983,118792
123987,118792
123991,118792
123995,118792
123999,118792
124003,118792
124007,118792
124011,118792
124019,118792
124023,118792
124031,118792
124036,118792
124040,118792
124045,118792
124050,118792
124055,118792
124059,118792
124063,118792
124067,118792
124071,118792
124075,118792
124079,118792
124083,118792
124087,118792
124091,118792
124099,118792
124103,118792
124107,118792
124111,118792
124115,118792
124119,118792
124123,118792
124127,118792
124131,118792
124135,118792
124139,118792
124143,118792
124151,118792
124156,118792
124160,118792
124165,118792
124170,118792
124175,118792
124180,118792
124184,118792
124188,118792
124192,118792
124196,118792
124204,118792
124209,118792
124213,118792
124217,118792
124222,118792
124227,118792
124235,118792
124240,118792
124244,118792
124248,118792
124253,118792
124258,118792
124266,118792
124270,118792
124275,118792
124279,118792
124283,118792
124288,118792
124296,118792
124300,118792
124304,118792
124308,118792
124312,118792
124316,118792
124324,118792
124329,118792
124334,118792
124338,118792
124342,118792
124346,118792
124355,118792
124359,118792
124363,118792
124368,118792
124373,118792
124378,118792
124386,118792
124390,118792
124394,118792
124405,118792
124409,118792
124413,118792
124417,118792
124421,118792
124426,118792
124431,118792
124461,118792
124470,118792
124474,118792
124481,118792
124488,118792
124495,118792
124502,118792
124509,118792
124516,118792
124523,118792
124530,118792
124537,118792
124544,118792
124553,264720
124555,118792
124561,264720
124563,118792
124573,264720
124575,118792
124587,118792
124591,118792
124598,118792
124602,118792
124606,118792
124610,118792
124614,118792
124623,118792
124631,118792
124635,118792
124646,118792
124650,118792
124658,118792
124670,118792
124677,118792
124694,118792
124698,118792
124703,118792
124708,118792
124716,118792
124720,118792
124728,118792
124732,118792
124736,118792
124740,118792
124748,118792
124752,118792
124756,118792
124760,118792
124768,118792
124772,118792
124780,118792
124781,118792
124785,118792
124786,118792
124794,118792
124799,118792
124803,118792
124807,118792
124811,118792
124815,118792
124819,118792
124823,118792
124828,118792
124832,118792
124836,118792
124840,118792
124844,118792
124848,118792
124852,118792
124860,118792
124864,118792
124868,118792
124876,118792
124881,118792
124886,118792
124890,118792
124894,118792
124898,118792
124903,118792
124908,118792
124912,118792
124916,118792
124920,118792
124924,118792
124992,118792
124996,118792
125000,118792
125004,118792
125010,118792
125017,118792
125024,118792
125035,118792
125039,118792
125043,118792
125047,118792
125055,118792
125059,118792
125063,118792
125071,118792
125075,118792
125083,118792
125087,118792
125091,118792
125099,118792
125103,118792
125107,118792
125115,118792
125119,118792
125123,118792
125127,118792
125391,264557
125393,118792
125399,264720
125401,118792
125414,118792
125418,118792
125483,264557
125492,264557
127375,127537
127386,127519
128149,264557
128178,264557
128234,19547
128242,19547
128249,19547
128260,19547
128269,19547
128280,19547
128292,19547
128309,19547
128330,19547
128346,19547
128558,264557
128585,264557
128700,129052
128705,129052
128716,129052
128727,129052
128738,129052
128749,129052
128855,129052
128866,129052
128877,129052
128888,129052
128899,129052
128910,129052
129016,129052
129047,129052
129059,86745
129121,264720
129129,129868
129178,264720
129184,129868
129231,264720
129237,129868
129284,264720
129290,129868
129339,264720
129345,129868
129379,264720
129395,264720
129416,264720
129422,129868
129447,264720
129457,264720
129472,264720
129478,129868
129510,264720
129524,264720
129543,264720
129549,129868
129596,264720
129602,129868
129651,264720
129657,129868
129691,264720
129707,264720
129728,264720
129734,129868
129759,264720
129769,264720
129784,264720
129790,129868
129821,264720
129835,264720
129854,264720
129860,129868
129950,264720
130084,264557
130112,264720
130122,264720
130131,129909
130147,129909
130185,264720
130195,264720
130204,129909
130224,264720
130237,264720
130249,129909
130269,264720
130279,264720
130288,129909
130304,129909
130356,129909
130376,264720
130389,264720
130399,129909
130465,129909
130580,129909
130614,129909
130632,264720
130648,129909
130920,264720
130925,131034
130959,264720
130963,131034
130990,264720
130994,131034
131021,264720
131025,131034
131189,131169
131190,131158
131192,131169
131193,131158
131199,131169
131202,131169
131207,131169
131216,131169
131223,131169
131224,131158
131230,131169
131231,131158
131233,131169
131234,131158
131240,131169
131241,131158
131243,131169
131244,131158
131246,131169
131247,131158
131262,131169
131263,131158
131269,131169
131270,131158
131272,131169
131273,131158
131286,131169
131287,131158
131293,131169
131294,131158
131296,131169
131297,131158
131309,131169
131310,131158
131312,131169
131313,131158
131315,131169
131316,131158
131329,131169
131330,131158
131343,131169
131344,131158
131346,131169
131347,131158
131349,131169
131350,131158
131352,131169
131353,131158
131355,131169
131356,131158
131358,131169
131359,131158
131361,131169
131362,131158
131364,131169
131365,131158
131367,131169
131368,131158
131370,131169
131371,131158
131373,131169
131374,131158
131376,131169
131377,131158
131379,131169
131380,131158
131382,131169
131383,131158
131385,131169
131386,131158
131388,131169
131389,131158
131391,131169
131392,131158
131398,131169
131399,131158
131401,131169
131402,131158
131404,131169
131405,131158
131407,131169
131408,131158
131410,131169
131411,131158
131413,131169
131414,131158
131416,131169
131417,131158
131419,131169
131420,131158
131422,131169
131423,131158
131425,131169
131426,131158
131428,131169
131429,131158
131431,131169
131432,131158
131434,131169
131435,131158
131437,131169
131438,131158
131440,131169
131441,131158
131443,131169
131444,131158
131446,131169
131447,131158
131449,131169
131450,131158
131452,131169
131453,131158
131455,131169
131456,131158
131458,131169
131459,131158
131461,131169
131462,131158
131464,131169
131465,131158
131467,131169
131468,131158
131470,131169
131471,131158
131473,131169
131474,131158
131476,131169
131477,131158
131479,131169
131480,131158
131482,131169
131483,131158
131485,131169
131486,131158
131488,131169
131489,131158
131491,131169
131492,131158
131494,131169
131495,131158
131497,131169
131498,131158
131500,131169
131501,131158
131503,131169
131504,131158
131506,131169
131507,131158
131509,131169
131510,131158
131512,131169
131513,131158
131515,131169
131516,131158
131518,131169
131519,131158
131521,131169
131522,131158
131524,131169
131525,131158
131527,131169
131528,131158
131534,131169
131535,131158
131537,131169
131538,131158
131540,131169
131541,131158
131543,131169
131544,131158
131546,131169
131547,131158
131549,131169
131550,131158
131560,131169
131563,131158
131569,131169
131572,131169
131577,131169
131582,131169
131757,131169
131764,131169
131770,131169
131776,131169
132034,264720
132041,264720
132050,264720
132065,264720
132071,264720
132085,264720
132092,264720
132104,264720
132118,264720
132132,264720
132138,264720
132155,264720
132162,264720
132174,264720
132186,264720
132203,264720
132211,264720
132227,264720
132236,264720
132303,132256
132411,132256
132417,132256
132427,132256
132433,132256
132439,132256
132445,132256
132451,132256
132457,132256
132463,132256
132469,132256
132475,132256
132481,132256
132487,132256
132493,132256
132499,132256
132505,132256
132511,132256
132517,132256
132523,132256
132529,132256
132539,132256
132545,132256
132551,132256
132557,132256
132563,132256
132569,132256
132575,132256
132581,132256
132587,132256
132593,132256
132599,132256
132605,132256
132611,132256
132621,132256
132627,132256
132633,132256
132643,132256
132649,132256
132655,132256
132665,132256
132671,132256
132681,132256
132687,132256
132699,132256
132711,132256
132721,132256
132730,132256
132742,132272
132760,132272
132773,132272
132786,132272
132800,132272
132814,132272
132902,133186
132905,133186
132909,133186
132915,133186
132920,133186
132922,133186
132928,133186
132935,133186
132941,133186
132948,133186
132955,133186
132968,133186
132973,133186
133042,133186
133045,133186
133050,133186
133324,133186
133332,133186
133338,133186
133344,133186
133350,133186
133356,133186
133362,133186
133368,133186
133378,133186
133384,133186
133390,133186
133396,133186
133406,133186
133412,133186
133418,133186
133424,133186
133434,133186
133440,133186
133446,133186
133452,133186
133462,133186
133468,133186
133474,133186
133480,133186
133490,133186
133496,133186
133502,133186
133508,133186
133514,133186
133520,133186
133526,133186
133540,133186
133546,133186
133552,133186
133558,133186
133564,133186
133570,133186
133576,133186
133589,133186
133595,133186
133605,133292
133607,133292
133612,133292
133616,133292
133624,133186
133626,133186
133628,133186
133630,133186
133636,133186
133638,133186
133640,133186
133642,133186
133648,133186
133650,133186
133656,133186
133658,133186
133660,133186
133662,133186
133664,133186
133666,133186
133668,133186
133674,133186
133676,133186
133678,133186
133680,133186
133682,133186
133684,133186
133686,133186
133688,133186
133694,133186
133696,133186
133743,133292
133805,133186
133807,133186
133809,133186
133811,133186
133813,133186
133819,133186
133825,133186
133827,133186
133829,133186
133831,133186
133833,133186
133835,133186
133841,133186
133843,133186
133845,133186
133847,133186
133849,133186
133851,133186
133853,133186
133855,133186
133857,133186
133863,133186
133967,133186
133969,133186
133971,133186
133987,133186
134067,133292
134073,133292
134079,133292
134081,133292
134083,133292
134085,133292
134087,133292
134089,133292
134095,133186
134101,133186
134103,133186
134105,133186
134107,133186
134109,133186
134111,133186
134113,133186
134115,133186
134117,133186
134123,133186
134125,133186
134127,133186
134129,133186
134131,133186
134133,133186
134135,133186
134137,133186
134139,133186
134145,133186
134147,133186
134149,133186
134151,133186
134153,133186
134155,133186
134161,133186
134163,133186
134165,133186
134167,133186
134169,133186
134171,133186
134173,133186
134175,133186
134177,133186
134179,133186
134181,133186
134183,133186
134185,133186
134191,133186
134193,133186
134195,133186
134201,133186
134203,133186
134209,133186
134211,133186
134213,133186
134219,133186
134221,133186
134223,133186
134225,133186
134227,133186
134229,133186
134231,133186
134237,133186
134239,133186
134241,133186
134247,133186
134249,133186
134251,133186
134253,133186
134403,133186
134405,133186
134411,133186
134413,133186
134421,133186
134428,133186
134433,133186
134439,133186
134445,133186
134452,133186
134461,133186
134469,133186
134476,133186
134514,133186
134517,133186
134520,133186
134523,133186
134526,133186
134529,133186
134532,133186
134535,133186
134542,133186
134545,133186
134548,133186
134551,133186
134554,133186
134557,133186
134560,133186
134563,133186
134566,133186
134581,133186
134584,133186
134591,133186
134594,133186
134597,133186
134600,133186
134603,133186
134606,133186
134609,133186
134612,133186
134615,133186
134618,133186
134621,133186
134624,133186
134627,133186
134630,133186
134647,133186
134665,133186
134676,133186
134679,133186
134682,133186
134697,133186
134939,133292
134941,133292
134943,133292
134945,133292
134955,133186
134957,133186
134959,133186
134961,133186
134967,133186
134969,133186
134971,133186
134973,133186
134979,133186
134981,133186
134983,133186
134985,133186
134987,133186
134989,133186
134991,133186
134993,133186
134999,133186
135001,133186
135003,133186
135005,133186
135007,133186
135009,133186
135011,133186
135013,133186
135050,133186
135053,133186
135056,133186
135059,133186
135062,133186
135162,135014
135168,135014
135174,135014
135180,135014
135186,135014
135192,135014
135276,135235
135278,135235
135280,135235
135282,135235
135288,135235
135298,135235
135300,135235
135302,135235
135325,135235
135328,135235
135330,135235
135332,135235
135334,135235
135336,135235
135338,135235
135340,135235
135346,135235
135354,135235
135361,135235
135425,135384
135427,135384
135429,135384
135431,135384
135433,135384
135435,135384
135437,135384
135439,135384
135441,135384
135443,135384
135445,135384
135447,135384
135449,135384
135451,135384
135453,135384
135455,135384
135457,135384
135459,135384
135461,135384
135463,135384
135465,135384
135467,135384
135469,135384
135471,135384
135473,135384
135475,135384
135477,135384
135479,135384
135481,135384
135483,135384
135489,135384
135505,135384
135520,135384
135522,135384
135524,135384
135526,135384
135528,135384
135533,135384
135541,135384
135564,135384
135566,135384
135572,135384
135574,135384
135576,135384
135578,135384
135584,135384
135586,135384
135588,135384
135594,135384
135596,135384
135598,135384
135600,135384
135640,264720
135671,264720
135707,264720
135748,264720
135788,264720
135828,264720
135921,264720
135953,264720
135991,264720
136034,264720
136076,264720
136118,264720
136172,264720
136192,264720
136211,264720
136238,264720
136264,264720
136289,264720
136362,264720
136402,264720
136447,264720
136496,264720
136545,264720
136594,264720
136634,264720
136656,264720
136694,264720
136715,264720
136753,264720
136774,264720
136805,264720
136837,264720
136871,264720
136903,264720
136936,264720
136970,264720
137002,264720
137035,264720
137067,264720
137099,264720
137131,264720
137226,264720
137260,264720
137299,264720
137343,264720
137386,264720
137429,264720
137525,264720
137560,264720
137601,264720
137647,264720
137692,264720
137737,264720
137794,264720
137814,264720
137833,264720
137860,264720
137886,264720
137911,264720
138053,264720
138056,34344
138083,264720
138087,34344
138117,264720
138121,34344
138150,264720
138154,34344
138183,264720
138187,34344
138416,138385
138420,138385
138448,138385
140236,264720
140248,264720
140262,264720
140307,264720
140497,264557
140537,264720
140549,264720
140631,264720
140637,264720
140643,264720
140653,264720
140664,264720
140683,264720
140782,264720
140969,264557
140974,264557
140978,264557
140982,264557
140986,264557
140990,264557
140996,264557
141002,264557
141008,264557
141014,264557
141020,264557
141028,264557
141032,264557
141036,264557
141041,264557
141046,264557
141050,264557
141054,264557
141060,264557
141066,264557
141236,264720
141243,264720
141249,264720
141254,264720
141268,264720
141274,264720
141280,264720
141286,264720
141292,264720
141299,264720
141304,264720
141309,264720
141319,264720
141329,264720
141723,264720
141729,264720
141741,264720
141751,264720
141763,264720
141865,264720
142021,264557
142572,264557
142675,264720
142682,264720
142689,264720
142696,264720
142702,264720
142709,264720
142715,264720
142721,264720
142728,264720
142735,264720
142744,264720
142753,264720
142761,264720
142768,264720
142775,264720
142783,264720
142791,264720
142800,264720
142808,264720
142817,264720
142826,264720
142836,264720
142844,264720
142853,264720
142862,264720
142872,264720
142881,264720
142891,264720
142901,264720
143096,264557
143342,264720
143556,264557
143599,264720
143606,264720
143613,264720
143619,264720
143689,264720
143890,264720
144072,264720
144263,264557
144268,264557
144274,264557
144280,264557
144284,264557
144333,264720
144340,264720
144348,264720
144356,264720
144364,264720
144370,264720
144484,264720
144491,264720
144498,264720
144504,264720
144549,264720
144556,264720
144573,264720
144592,264720
144696,264720
144704,264720
144712,264720
144720,264720
144732,264720
144743,264720
144762,264720
144782,264720
144887,264720
144895,264720
144903,264720
144911,264720
144923,264720
144934,264720
144953,264720
144973,264720
145109,264720
145114,264720
145118,264720
145123,264720
145127,264720
145132,264720
145138,264720
145143,264720
145150,264720
145154,264720
145225,264720
145236,264720
145246,264720
145256,264720
145265,264720
145275,264720
145284,264720
145294,264720
145303,264720
145312,264720
145320,264720
145329,264720
145337,264720
145347,264720
145356,264720
145365,264720
145373,264720
145382,264720
145390,264720
145398,264720
145405,264720
145415,264720
145424,264720
145433,264720
145441,264720
145450,264720
145458,264720
145467,264720
145475,264720
145483,264720
145490,264720
145498,264720
145536,264720
145546,264720
145556,264720
145570,264720
145580,264720
145590,264720
145639,264720
145656,264720
145675,264720
145698,264720
145710,264720
145722,264720
145738,264720
145750,264720
145762,264720
145778,264720
145797,264720
145817,264720
145841,264720
145853,264720
145865,264720
145881,264720
145893,264720
145905,264720
145921,264720
145940,264720
145960,264720
146032,264557
146037,264557
146045,264557
146050,264557
146055,264557
146060,264557
146064,264557
146068,264557
146072,264557
146076,264557
146141,264720
146149,264720
146156,264720
146162,264720
146169,264720
146177,264720
146184,264720
146201,264720
146208,264720
146216,264720
146224,264720
146231,264720
146240,264720
146249,264720
146290,264720
146298,264720
146317,264720
146326,264720
146339,264720
146409,264557
146414,264557
146422,264557
146428,264557
146434,264557
146440,264557
146444,264557
146448,264557
146452,264557
146456,264557
146543,264720
146551,264720
146558,264720
146564,264720
146571,264720
146579,264720
146586,264720
146603,264720
146611,264720
146619,264720
146628,264720
146635,264720
146645,264720
146654,264720
146696,264720
146704,264720
146723,264720
146732,264720
146745,264720
150680,264720
150685,264720
150689,264720
150693,264720
150704,264720
150710,264720
150716,264720
150744,264720
150753,264720
150757,264720
150761,264720
150765,264720
150861,264720
150870,264720
150879,264720
150927,264720
150934,264720
150941,264720
150947,264720
150954,264720
150962,264720
150969,264720
151004,264720
151051,264720
151061,264720
151071,264720
151172,264720
151177,264720
151181,264720
151185,264720
151190,264720
151195,264720
151199,264720
151203,264720
151207,264720
151215,264720
151221,264720
151227,264720
151255,264720
151338,264720
151348,264720
151358,264720
151422,264720
151428,264720
151435,264720
151441,264720
151448,264720
151456,264720
151463,264720
151500,264720
151505,264720
151512,264720
151525,264720
151598,264557
151636,264720
151641,264720
151645,264720
151656,264720
151662,264720
151668,264720
151696,264720
151700,264720
151704,264720
151708,264720
151804,264720
151813,264720
151822,264720
151848,264720
151855,264720
151862,264720
151868,264720
151875,264720
151883,264720
151890,264720
151927,264720
151932,264720
151939,264720
152045,264720
152072,264720
152078,264720
152084,264720
152112,264720
152198,264720
152208,264720
152218,264720
152271,264720
152277,264720
152284,264720
152290,264720
152297,264720
152305,264720
152312,264720
152349,264720
152354,264720
152361,264720
152374,264720
152479,264557
152484,264557
152488,264557
152492,264557
152497,264557
152501,264557
152505,264557
152509,264557
152514,264557
152947,264720
152961,264720
152975,264720
152988,264720
153005,264720
153025,264720
153047,264720
153073,264720
153088,264720
153104,264720
153126,264720
153149,264720
153176,264720
153191,264720
153207,264720
153229,264720
153252,264720
153339,264557
153344,264557
153350,264557
153356,264557
153360,264557
153364,264720
153371,264720
153375,264720
153546,264720
153552,264720
153561,264720
153569,264720
153577,264720
153587,264720
153593,264720
153600,264720
153608,264720
153616,264720
153624,264720
153632,264720
153640,264720
153646,264720
153654,264720
153662,264720
153668,264720
153674,264720
153681,264720
153688,264720
153696,264720
153703,264720
153711,264720
153718,264720
153724,264720
153731,264720
153738,264720
153746,264720
153754,264720
153764,264720
153774,264720
153783,264720
153794,264720
153803,264720
153814,264720
153823,264720
153832,264720
153843,264720
153854,264720
153864,264720
153876,264720
153886,264720
154219,264557
154398,264720
154407,264720
154637,264720
154641,264720
154661,264720
154667,264720
154835,264720
154840,264720
154845,264720
154853,264720
155309,264720
155353,264720
155361,264720
155373,264720
155381,264720
155389,264720
155396,264720
155403,264720
155410,264720
155423,264720
155429,264720
155925,264720
155969,264720
155977,264720
155989,264720
155997,264720
156005,264720
156012,264720
156019,264720
157022,264557
157027,264557
157031,264557
157035,264557
157039,264557
157043,264557
157047,264557
157052,264557
157056,264557
157060,264557
157068,264557
157073,264557
157085,264557
157093,264557
157099,264557
157105,264557
157115,264557
157120,264557
157145,264557
157149,264557
157155,264557
157423,264720
157430,264720
157440,264720
157459,264720
157470,264720
157485,264720
157506,264720
157531,264720
157539,264720
157551,264720
157572,264720
157594,264720
157620,264720
157632,264720
157648,264720
157669,264720
157691,264720
157818,264720
157970,264720
157975,264720
157979,264720
157984,264720
157988,264720
157993,264720
157999,264720
158004,264720
158011,264720
158019,264720
158026,264720
158064,264557
158073,264557
158080,264557
158088,264557
158095,264557
158103,264557
158112,264557
158119,264557
158126,264557
158134,264557
158142,264557
158148,264557
158155,264557
158162,264557
158167,264557
158172,264557
158276,264720
158285,264720
158293,264720
158427,264720
158433,264720
158585,264720
158591,264720
158598,264720
158609,264720
158619,264720
158629,264720
158638,264720
158648,264720
158657,264720
158667,264720
158676,264720
158685,264720
158693,264720
158702,264720
158710,264720
158720,264720
158729,264720
158738,264720
158746,264720
158755,264720
158763,264720
158771,264720
158778,264720
158788,264720
158797,264720
158806,264720
158814,264720
158823,264720
158831,264720
158840,264720
158848,264720
158856,264720
158863,264720
158871,264720
158882,264720
158890,264720
159031,264720
159035,264720
159069,264720
159074,264720
159095,264720
159099,264720
159117,264720
159121,264720
159261,264557
159268,264557
159274,264557
159279,264557
159284,264557
159288,264557
159327,264557
159331,264557
159335,264557
159339,264557
160154,264720
161439,264720
161519,264720
161527,264720
169057,264557
178515,264720
178520,264720
178524,264720
179370,264720
179380,264720
179390,264720
179409,264720
179418,264720
179429,264720
179443,264720
179458,264720
179477,264720
179487,264720
179527,264720
179584,264720
179660,264720
179710,264720
179724,264720
179748,264720
179771,264557
179779,264557
179843,264720
179940,264720
179954,264720
179970,264720
179986,264720
179998,264720
180016,264720
180100,264720
180110,264720
180133,264720
180141,264720
180172,264720
180180,264720
180208,264720
180216,264720
180256,264720
180264,264720
180317,264720
180325,264720
180441,264720
180449,264720
181545,264720
181581,264720
181593,264720
181684,264720
181703,264720
181727,264720
181739,264720
181923,264720
181940,264720
183644,264720
183667,264720
183686,264720
183708,264720
183749,264720
183760,183612
183768,183612
183781,183612
183801,183733
183804,183733
183816,183733
183821,183733
183832,183733
183837,183733
183844,183733
183860,183733
183882,183733
183892,183733
183908,183733
183918,183733
183929,183733
183940,183733
183958,183733
183969,183733
183976,183733
183983,183733
184001,183733
184019,183733
184050,183733
184056,183733
184064,183733
186133,264720
186227,264720
186429,264720
186547,264720
186996,264720
187005,264720
187017,264720
187030,264720
187051,264720
187059,264720
187070,264720
187083,264720
187098,264720
187193,264720
187231,264720
187246,264720
187255,264720
187271,264720
187306,264720
187331,264720
187344,264720
187357,264720
187370,264720
187383,264720
187396,264720
187440,264720
187455,264720
187470,264720
187485,264720
187500,264720
187515,264720
187551,264720
187566,264720
187580,264720
187593,264720
187773,264720
187784,264720
187795,264720
187806,264720
187817,264720
187828,264720
187839,264720
187852,264720
187865,264720
187905,264720
187917,264720
187940,264720
187950,264720
187963,264720
188939,264720
188946,264720
188951,264720
189031,264720
189039,264720
189046,264720
189053,264720
190082,264557
190096,264557
190106,264557
190150,264557
190165,264557
190177,264557
190190,264557
190232,264557
190247,264557
190259,264557
192128,264557
192133,264557
192348,264557
192353,264557
192357,264557
192361,264557
192365,264557
192369,264557
192373,264557
192377,264557
192381,264557
192387,264557
192392,264557
192398,264557
192408,264557
192415,264557
192421,264557
192427,264557
192433,264557
192439,264557
192540,264720
192556,264720
192564,264720
192573,264720
192582,264720
192591,264720
192601,264720
192613,264720
192622,264720
192631,264720
192642,264720
192653,264720
192664,264720
192673,264720
192684,264720
192693,264720
192702,264720
192713,264720
192725,264720
193035,193019
193110,264557
193115,264557
193119,264557
193123,264557
193127,264557
193131,264557
193136,264557
193140,264557
193144,264557
193148,264557
193152,264557
193156,264557
193160,264557
193164,264557
193172,264557
193180,264557
193186,264557
193196,264720
193206,264720
193215,264720
193224,264720
193233,264720
193243,264720
193253,264720
193264,264720
193274,264720
193284,264720
193295,264720
193306,264720
193315,264720
193326,264720
193337,264720
193348,264720
193359,264720
193370,264720
193381,264720
193389,264720
193399,264720
193411,264720
193419,264720
193429,264720
193438,264720
193448,264720
193458,264720
193469,264720
193481,264557
194437,195061
194447,82426
194458,82426
194487,195061
194495,82426
194525,195061
194627,195061
194736,195061
194841,195061
194930,195061
195123,195530
195133,195439
195143,195530
195152,195439
195170,195530
195214,195439
195229,195530
195266,195439
195283,195530
195322,195439
195337,195530
195371,195439
195502,195508
195587,195787
195599,195712
195619,195787
195659,195712
195720,195800
195760,195768
207526,264557
207552,264557
207883,264557
207904,264557
208003,264557
208014,264557
209194,264557
209207,264557
209254,264557
209266,264557
209374,264557
209450,264557
209461,264557
209472,264557
209485,264557
209501,264720
209508,264720
209518,264720
209575,264720
209582,264720
209597,264720
209602,264720
209876,264720
209889,264720
210284,264557
210313,264557
211188,264557
211215,264557
213830,264557
213835,264557
213844,264557
213850,264557
213857,264557
213862,264557
213868,264557
213873,264720
213880,264720
213975,264557
213981,264557
213986,264557
213991,264557
213996,264557
214071,264720
214078,264720
214084,264720
214091,264720
214097,264720
214104,264720
214110,264720
214166,264720
214173,264720
214299,264720
214310,264720
214316,264720
214322,264557
214327,264557
214331,264557
214335,264557
214399,264557
214405,264557
214410,264557
214415,264557
214420,264557
214500,264720
214506,264720
214513,264720
214519,264720
214526,264720
214532,264720
214545,264720
214606,264720
214613,264720
214723,264557
214739,264557
214746,264557
214757,264557
214761,264557
214888,264557
214895,264557
214900,264557
214905,264557
214910,264557
214997,264720
215005,264720
215011,264720
215019,264720
215033,264720
215040,264720
215102,264720
215109,264720
215236,264720
215247,264720
215253,264720
215259,264557
215276,264557
215383,264557
215390,264557
215397,264557
215402,264557
215407,264557
215463,264720
215470,264720
215476,264720
215484,264720
215491,264720
215498,264720
215512,264720
215519,264720
215580,264720
215587,264720
215708,264557
215726,264557
215734,264557
215747,264557
215752,264557
215887,264557
215894,264557
215899,264557
215904,264557
215909,264557
216061,264720
216069,264720
216075,264720
216083,264720
216090,264720
216097,264720
216104,264720
216112,264720
216127,264720
216135,264720
216198,264720
216205,264720
216311,264557
216326,264557
216332,264557
216342,264557
216346,264557
216350,264557
216412,264557
216419,264557
216424,264557
216429,264557
216434,264557
216508,264720
216516,264720
216522,264720
216530,264720
216537,264720
216544,264720
216552,264720
216618,264720
216625,264720
216755,264557
216763,264557
216769,264557
216774,264557
216780,264720
216788,264720
216935,264557
216941,264557
216946,264557
216951,264557
216956,264557
217008,264720
217014,264720
217021,264720
217027,264720
217034,264720
217040,264720
217046,264720
217052,264720
217058,264720
217064,264720
217126,264720
217133,264720
217268,264720
217275,264720
217285,264557
217290,264557
217294,264557
217389,264557
217395,264557
217400,264557
217405,264557
217410,264557
217464,264720
217471,264720
217477,264720
217484,264720
217490,264720
217497,264720
217504,264720
217518,264720
217530,264720
217536,264720
217724,264557
217739,264557
217746,264557
217754,264557
217759,264557
217765,264557
217770,264720
217777,264720
217903,264557
217910,264557
217915,264557
217920,264557
217925,264557
218063,264720
218069,264720
218076,264720
218083,264720
218091,264720
218097,264720
218103,264720
218167,264720
218174,264720
218287,264557
218301,264557
218307,264557
218313,264557
218317,264557
218321,264557
218325,264557
218386,264557
218393,264557
218398,264557
218403,264557
218408,264557
218463,264720
218470,264720
218477,264720
218484,264720
218492,264720
218498,264720
218505,264720
218571,264720
218578,264720
218684,264557
218690,264557
218698,264557
218705,264557
218712,264557
218717,264557
218722,264557
218838,264557
218845,264557
218850,264557
218855,264557
218860,264557
218940,264720
218947,264720
218954,264720
218961,264720
218969,264720
218975,264720
218982,264720
218988,264720
219048,264720
219055,264720
219779,264720
219791,264720
219954,264720
219963,264720
219970,264557
219977,264557
219983,264557
219987,264557
219991,264557
220073,264557
220080,264557
220085,264557
220090,264557
220163,264720
220169,264720
220176,264720
220183,264720
220191,264720
220197,264720
220204,264720
220224,264720
220399,264557
220404,264557
220412,264557
220416,264557
220422,264557
220428,264557
220434,264557
220441,264557
220448,264557
220455,264557
220461,264557
220467,264557
220473,264557
220585,264557
220675,264720
220684,264720
220691,264720
220698,264720
220706,264720
220712,264720
220718,264720
220725,264720
220735,264557
220740,264557
220755,264557
220764,264720
220814,264720
220833,264720
220924,264557
220929,264557
220937,264557
220941,264557
220945,264557
220949,264557
220953,264557
221068,264720
221075,264720
221081,264720
221136,264720
221154,264720
221248,264557
221253,264557
221262,264557
221266,264557
221273,264557
221280,264557
221286,264557
221294,264557
221301,264557
221308,264557
221314,264557
221322,264557
221419,264720
221428,264720
221435,264720
221442,264720
221448,264720
221455,264720
221461,264720
221472,264557
221477,264557
221492,264557
221502,264720
221552,264720
221570,264720
221670,264557
221675,264557
221686,264557
221691,264557
221695,264557
221699,264557
221703,264557
221757,264720
221764,264720
221771,264720
221827,264720
221845,264720
221939,264557
221944,264557
221953,264557
221958,264557
221965,264557
221972,264557
221979,264557
221986,264557
221993,264557
222001,264557
222009,264557
222017,264557
222024,264557
222120,264720
222127,264720
222134,264720
222141,264720
222149,264720
222156,264720
222162,264720
222173,264557
222178,264557
222193,264557
222203,264720
222250,264720
222268,264720
222369,264557
222374,264557
222385,264557
222390,264557
222394,264557
222398,264557
222402,264557
222406,264557
222411,264557
222469,264720
222476,264720
222483,264720
222539,264720
222557,264720
222659,264557
222673,264557
222678,264557
222685,264557
222692,264557
222699,264557
222707,264557
222715,264557
222723,264557
222730,264557
222737,264557
222744,264557
222754,264557
222762,264557
222766,264557
222771,264557
222777,264557
222785,264557
222790,264557
222926,264720
222934,264720
222942,264720
222950,264720
222957,264720
222963,264720
222969,264720
222979,264557
222984,264557
222998,264557
223008,264720
223056,264720
223074,264720
223174,264557
223179,264557
223187,264557
223191,264557
223195,264557
223199,264557
223203,264557
223255,264720
223262,264720
223268,264720
223324,264720
223342,264720
223437,264557
223442,264557
223450,264557
223454,264557
223459,264557
223467,264557
223472,264557
223478,264557
223482,264557
223489,264557
223496,264557
223503,264557
223576,264557
223731,264720
223739,264720
223745,264720
223753,264720
223760,264720
223766,264720
223772,264720
223778,264720
223788,264557
223793,264557
223808,264557
223817,264720
223863,264720
223881,264720
223987,264557
223994,264557
224000,264557
224004,264557
224008,264557
224012,264557
224016,264557
224020,264557
224177,264720
224184,264720
224190,264720
224245,264720
224263,264720
224383,264557
224388,264557
224396,264557
224400,264557
224406,264557
224420,264557
224427,264557
224433,264557
224446,264557
224453,264557
224509,264720
224517,264720
224525,264720
224531,264720
224538,264720
224544,264720
224550,264720
224560,264557
224568,264557
224582,264557
224594,264720
224642,264720
224660,264720
224754,264557
224759,264557
224767,264557
224771,264557
224775,264557
224779,264557
224783,264557
224897,264720
224904,264720
224910,264720
224965,264720
224983,264720
225067,264720
225084,264720
225099,264720
225114,264720
225129,264720
225144,264720
225164,264720
225192,264720
225230,264720
225262,264720
225306,264720
225328,264720
225358,264720
225398,264720
230260,88406
230379,230346
230386,230346
230419,230346
230759,230346
230762,230346
230765,230346
230768,230346
230771,230346
230775,230346
230778,230346
230783,230346
230787,230346
230792,230346
230797,230346
230801,230346
230805,230346
230808,230346
230811,230346
230814,230346
230817,230346
230821,230346
230825,230346
230829,230346
230833,230346
230836,230346
230840,230346
230844,230346
230847,230346
230850,230346
230853,230346
230857,230346
230861,230346
230864,230346
230867,230346
230871,230346
230874,230346
230878,230346
230881,230346
230884,230346
230887,230346
231138,230346
231142,230346
231968,232175
231975,232175
231980,232175
231985,232175
231995,232175
232028,232175
232057,232175
232098,232175
232102,232175
232106,232175
232134,232175
232138,232175
232142,232175
246067,85265
246072,85265
246077,85265
246081,85265
246086,85265
247749,264557
247758,264557
247762,264557
247770,264557
247778,264557
247785,264557
247796,264557
247807,264557
247811,264557
247821,264557
247832,264557
247836,264557
247840,264557
247844,264557
249535,264557
249542,264557
249548,264557
249565,264557
249577,264557
249822,264720
251179,264720
251773,264557
251796,264557
251818,264557
251847,264557
251883,264557
251919,264557
252002,264557
252017,264557
252039,264557
252061,264557
252086,264557
252278,264557
252450,85216
252466,85154
252975,264557
252996,264557
253191,88406
254133,254129
254133,254160
254134,254108
254164,254129
254164,254160
255031,264557
255078,264557
255082,264557
255140,264557
255283,81815
255288,81815
255297,81815
255303,81815
255309,81815
255319,81815
255326,81815
255334,81815
255342,81815
255354,81815
255362,81815
255371,81815
255383,81815
255395,81815
255407,81815
255426,81815
255445,81955
255453,81955
255461,81955
255476,81955
255493,81955
255503,81955
255515,81955
255527,81955
255537,81955
255555,81955
255565,81955
255577,81955
255589,81955
255599,81955
255615,81955
255623,81955
255639,81955
255647,81955
255670,81955
255683,81955
255696,81955
255711,81955
255721,81955
255737,81955
255755,81955
255765,81955
255786,81955
255798,81955
255806,81955
255821,82101
255829,82101
255839,82101
255846,82101
255863,82101
255882,82101
255888,82101
255903,82101
255912,82101
255925,82101
255934,82101
255947,82101
255959,82101
255967,82101
255975,82101
255983,82101
255991,82101
256003,82101
256011,82101
256023,82273
256027,82273
256033,82273
256041,82273
256047,82273
256054,82273
256062,82273
256073,82273
256087,82273
256091,82273
256097,82273
256104,82273
256110,82273
256117,82273
256125,82273
256134,82273
256144,82273
256158,82273
256169,82273
256183,82273
256213,82273
256233,82273
256258,82273
256278,82353
256282,82353
256287,82353
256293,82353
256303,82353
256309,82353
256315,82353
256321,82353
256327,82353
256335,82353
256343,82353
256351,82353
256363,82353
256369,82353
256378,82353
256390,82353
256400,82353
256408,82353
256418,82353
256428,82353
256452,82353
256474,82353
256503,81928
256507,81928
256514,81928
256521,81928
256528,81928
256536,81928
256540,81928
256547,81928
256555,81928
256564,81928
256568,81928
256572,81928
256579,81928
256587,81928
256594,81928
256601,81928
256609,81928
256641,81928
256669,81928
256705,81907
256711,81907
256717,81907
256726,81907
256735,81907
256744,81907
256753,81907
256762,81907
256773,81907
256781,81907
256789,81907
256801,81907
256812,81907
256823,81907
256834,81907
256846,81907
256857,81907
256868,81907
256878,81907
256887,81907
256900,81907
256912,81907
256924,81907
256938,81907
256956,81907
256971,81907
256986,81907
257001,81907
257016,81907
257031,81907
257046,81907
257061,81907
257075,81907
257090,81907
257095,81907
257102,81907
257111,81907
257120,81907
257129,81907
257145,82426
257153,82426
257163,82426
257175,82426
257195,82426
257215,82524
257221,82524
257246,82582
257252,82582
257416,83798
257422,83798
257428,83798
257438,83798
257446,83798
257451,83798
257456,83798
257461,83798
257466,83798
257472,83798
257477,83798
257482,83798
257487,83798
257492,83798
257497,83798
257502,83798
257507,83798
257512,83798
257517,83798
257522,83798
257527,83798
257532,83798
257537,83798
257542,83798
257547,83798
257552,83798
257557,83798
257562,83798
257567,83798
257572,83798
257577,83798
257582,83798
257587,83798
257592,83798
257597,83798
257602,83798
257635,83798
257644,83798
257649,83798
257654,83798
257661,83798
257668,83798
257675,83798
257690,83798
257698,83798
257707,83798
257716,83798
257725,83798
257732,83798
257739,83798
257746,83798
257753,83798
257760,83798
257767,83798
257774,83798
257781,83798
257788,83798
257795,83798
257802,83798
257822,83798
257827,83798
257832,83798
257837,83798
257843,83798
257848,83798
257853,83798
257862,83798
257870,83798
257878,83798
257886,83798
257894,83798
257903,83798
257912,83798
257921,83798
257942,83798
257947,83798
257952,83798
257966,83798
257971,83798
257976,83798
257981,83798
257986,83798
257991,83798
258005,83798
258031,83798
258038,83798
258045,83798
258052,83798
258059,83798
258066,83798
258082,83798
258087,83798
258092,83798
258097,83798
258102,83798
258115,83798
258120,83798
258134,83798
258139,83798
258144,83798
258149,83798
258154,83798
258168,83798
258173,83798
258178,83798
258183,83798
258196,83798
258213,84033
258218,84033
258223,84033
258228,84033
258233,84033
258238,84033
258253,84019
258258,84019
258263,84019
258268,84019
258273,84019
258278,84019
258283,84019
258288,84019
258293,84019
258298,84019
258327,84040
258333,84040
258339,84040
258345,84040
258351,84040
258357,84040
258363,84040
258369,84040
258375,84040
258381,84040
258390,84040
258396,84040
258402,84040
258414,84040
258420,84040
258427,84040
258434,84040
258448,84040
258454,84040
258460,84040
258466,84040
258478,84040
258484,84040
258496,84040
258502,84040
258509,84040
258515,84040
258521,84040
258533,84040
258540,84040
258546,84040
258552,84040
258559,84040
258566,84040
258580,84040
258587,84040
258593,84040
258603,84040
258609,84040
258615,84040
258624,84040
258669,84570
258673,84570
258677,84570
258681,84570
258685,84570
258689,84570
258693,84570
258697,84570
258701,84570
258705,84570
258709,84570
258713,84570
258717,84570
258736,84570
258750,84570
258763,84570
258767,84570
258771,84570
258784,84570
258788,84570
258797,84570
258801,84570
258810,84570
258814,84570
258827,84570
258841,84570
258845,84570
258849,84570
258853,84570
258857,84570
258861,84570
258865,84570
258869,84570
258873,84570
258877,84570
258881,84570
258889,84570
258893,84570
258897,84570
258901,84570
258909,84570
258913,84570
258917,84570
258921,84570
258929,84570
258935,84570
258940,84570
258945,84570
258961,84531
258965,84531
258969,84531
258973,84531
258977,84531
258981,84531
258985,84531
258989,84531
259011,84531
259015,84531
259019,84531
259023,84531
259030,84531
259034,84531
259056,84531
259073,84610
259077,84610
259081,84610
259087,84610
259093,84610
259098,84610
259126,84849
259130,84849
259149,84849
259164,84849
259168,84703
259175,84849
259184,84703
259201,84710
259220,84703
259227,84703
259244,84751
259258,84751
259270,84751
259282,84751
259295,84703
259302,84703
259309,84703
259315,84703
259324,84751
259339,84703
259345,84703
259354,84751
259364,84751
259376,84703
259391,84710
259404,84710
259421,84703
259433,84703
259485,84936
259490,84962
259494,84962
259508,84936
259512,84962
259516,84962
259520,84962
259536,84936
259540,84962
259588,84936
259595,84962
259629,84936
259633,84962
259639,84962
259655,84936
259662,84962
259666,84962
259670,84962
259674,84962
259697,85048
259701,85054
259711,85054
259721,85054
259744,85054
259756,85054
259767,85054
259778,85054
259790,85054
259825,85110
259843,85110
259863,85110
259885,85110
259893,85110
259940,85372
259945,85372
259950,85372
259955,85372
259960,85372
259965,85372
259970,85372
259975,85372
259979,85372
259985,85372
259989,85372
259993,85372
259998,85372
260006,85322
260010,85322
260014,85322
260020,85322
260024,85322
260028,85322
260033,85322
260038,85322
260048,85241
260052,85241
260058,85241
260062,85241
260066,85241
260075,85146
260079,85146
260083,85146
260089,85146
260094,85146
260099,85146
260105,85146
260109,85146
260113,85146
260118,85146
260123,85146
260128,85146
260132,85146
260136,85146
260140,85146
260144,85146
260148,85146
260170,86471
260178,86471
260186,86471
260197,86471
260227,86794
260234,86794
260240,86794
260261,86794
260276,86794
260295,86794
260313,86691
260317,86794
260328,86711
260339,86711
260351,86720
260354,86720
260374,86711
260381,86701
260387,86701
260393,86731
260399,86731
260404,86768
260415,86745
260419,86794
260423,86745
260428,86794
260432,86745
260438,86794
260452,86745
260472,86768
260477,86768
260480,86745
260484,86768
260488,86768
260502,86821
260529,86821
260588,86900
260592,86900
260596,86900
260601,86900
260605,86900
260609,86900
260614,86900
260618,86900
260622,86900
260627,86900
260632,86900
260683,87804
260687,87804
260691,87804
260695,87804
260699,87804
260703,87804
260707,87804
260711,87804
260715,87804
260719,87804
260730,87482
260734,87482
260738,87482
260743,87482
260747,87482
260751,87482
260755,87482
260759,87482
260763,87482
260767,87482
260771,87482
260775,87482
260779,87482
260783,87482
260788,87482
260792,87482
260797,87482
260802,87482
260807,87482
260812,87482
260816,87482
260820,87482
260829,87614
260833,87614
260837,87614
260842,87614
260846,87614
260850,87614
260854,87614
260859,87614
260867,87558
260871,87558
260875,87558
260879,87558
260883,87558
260887,87558
260891,87558
260895,87558
260899,87558
260911,87143
260916,87143
260921,87143
260939,87143
260943,87143
260947,87143
260951,87143
260955,87143
260960,87143
260965,87143
260969,87143
260973,87143
260978,87143
260982,87143
260986,87143
260990,87143
260994,87143
260998,87143
261002,87143
261006,87143
261010,87143
261014,87143
261030,87143
261034,87143
261038,87143
261042,87143
261046,87143
261050,87143
261055,87143
261059,87143
261063,87143
261067,87143
261071,87143
261075,87143
261079,87143
261083,87143
261087,87143
261091,87143
261095,87143
261099,87143
261103,87143
261107,87143
261114,87143
261121,87143
261128,87143
261144,87143
261148,87143
261152,87143
261156,87143
261160,87143
261164,87143
261168,87143
261181,87143
261185,87143
261189,87143
261197,87143
261202,87143
261206,87143
261210,87143
261215,87143
261220,87143
261224,87143
261228,87143
261232,87143
261236,87143
261240,87143
261244,87143
261248,87143
261252,87143
261256,87143
261260,87143
261264,87143
261268,87143
261272,87143
261276,87143
261280,87143
261284,87143
261288,87143
261292,87143
261296,87143
261300,87143
261304,87143
261308,87143
261312,87143
261316,87143
261320,87143
261328,87143
261333,87143
261340,87143
261347,87143
261354,87143
261360,87143
261367,87143
261373,87143
261379,87143
261385,87143
261391,87143
261397,87143
261403,87143
261409,87143
261415,87143
261421,87143
261427,87143
261433,87143
261451,87143
261455,87143
261459,87143
261463,87143
261468,87143
261472,87143
261476,87143
261480,87143
261498,87143
261502,87143
261506,87143
261514,87143
261521,87143
261528,87143
261535,87143
261546,87143
261553,87143
261560,87143
261567,87143
261574,87143
261582,87143
261590,87143
261598,87143
261606,87143
261613,87143
261620,87143
261627,87143
261634,87143
261641,87143
261648,87143
261663,87143
261667,87143
261676,87143
261682,87143
261688,87143
261694,87143
261700,87143
261706,87143
261712,87143
261722,87143
261728,87143
261734,87143
261740,87143
261757,87143
261761,87143
261765,87143
261769,87143
261773,87143
261778,87143
261782,87143
261786,87143
261798,87143
261809,87261
261820,87261
261829,87261
261847,87261
261857,87261
261866,87261
261875,87261
261885,87261
261895,87261
261905,87261
261914,87261
261923,87261
261932,87261
261941,87261
261950,87261
261959,87261
261969,87261
261979,87261
261988,87261
261998,87261
262011,87715
262012,87261
262013,87261
262017,87715
262018,87261
262019,87261
262023,87715
262024,87261
262025,87261
262029,87715
262030,87261
262031,87261
262039,87482
262043,87482
262047,87482
262052,87482
262056,87482
262060,87482
262064,87482
262068,87482
262072,87482
262076,87482
262080,87482
262084,87482
262089,87482
262093,87482
262097,87482
262101,87482
262105,87482
262109,87482
262114,87482
262118,87482
262122,87482
262126,87482
262130,87482
262134,87482
262139,87482
262143,87482
262147,87482
262156,87558
262160,87558
262164,87558
262168,87558
262173,87558
262177,87558
262181,87558
262186,87558
262190,87558
262194,87558
262199,87558
262203,87558
262207,87558
262211,87558
262215,87558
262220,87558
262224,87558
262228,87558
262232,87558
262236,87558
262245,87614
262249,87614
262253,87614
262257,87614
262262,87614
262266,87614
262271,87614
262275,87614
262279,87614
262283,87614
262287,87614
262291,87614
262295,87614
262299,87614
262303,87614
262307,87614
262311,87614
262315,87614
262319,87614
262323,87614
262328,87614
262332,87614
262336,87614
262348,87261
262355,87261
262362,87261
262369,87261
262376,87261
262383,87261
262390,87261
262397,87261
262407,87143
262412,87143
262417,87143
262422,87143
262439,87143
262443,87143
262447,87143
262462,87823
262466,87823
262470,87823
262474,87823
262478,87823
262482,87823
262486,87823
262490,87823
262494,87823
262501,87823
262505,87823
262509,87823
262518,87823
262529,87823
262533,87823
262538,87823
262543,87823
262555,87823
262559,87823
262563,87823
262567,87823
262577,87823
262581,87823
262591,87823
262595,87823
262600,87823
262604,87823
262608,87823
262618,87823
262622,87823
262626,87823
262630,87823
262635,87823
262640,87823
262652,87823
262656,87823
262660,87823
262668,87823
262672,87823
262676,87823
262681,87823
262732,88000
262741,88000
262749,88000
262753,88000
262761,88000
262769,88000
262790,88000
262831,88000
262861,88000
262913,88000
262944,88089
262989,88089
262998,88406
263034,88108
263109,88108
263118,88108
263129,88108
263151,88108
263160,88406
263178,88108
263204,88108
263230,88108
263248,88181
263254,88181
263264,88181
263274,88181
263283,88181
263292,88181
263303,88181
263315,88181
263329,88181
263343,88181
263356,88181
263369,88181
263373,88181
263380,88181
263387,88181
263399,88181
263407,88181
263421,88181
263430,88181
263438,88181
263450,88181
263466,88181
263472,88181
263478,88181
263484,88181
263490,88181
263498,88181
263506,88181
263514,88181
263521,88181
263528,88181
263535,88181
263546,88181
263552,88181
263562,88181
263572,88181
263584,88181
263598,88181
263612,88181
263625,88181
263633,88181
263643,88181
263653,88181
263661,88181
263669,88181
263681,88181
263701,88181
263707,88181
263726,88301
263742,88326
263776,88326
263811,88364
263815,88364
263819,88364
263823,88364
263827,88364
263847,88364
263851,88364
263855,88364
263859,88364
263863,88364
263868,88364
263882,88416
263887,88416
263893,88416
263900,88416
263908,88416
263917,88416
263925,88416
263934,88416
263961,88426
263965,88426
263970,88426
263974,88426
263978,88426
263983,88426
263987,88426
263999,88462
264006,88462
264013,88462
264024,88462
264050,88519
264070,88519
264077,88519
264087,88519
264098,88519
264130,88519
264148,88264
264173,88264
264216,88665
264220,88665
264224,88665
264228,88665
264232,88665
264236,88665
264244,88894
264248,88894
264260,88687
264268,88687
264277,88687
264294,88687
264306,88687
264313,88687
264319,88687
264330,88687
264338,88687
264350,88687
264358,88687
264370,88687
264374,88687
264384,88687
264389,88687
264400,88687
264419,88687
264423,88687
264452,88687
264456,88687
264460,88687
264470,88687
264489,88687
264497,88687
264506,88687
264514,88687
264527,88665
264570,264542
264571,264542
264647,264557
264657,264557
264677,264557
264683,264557
264693,264557
264697,264557
264705,264557
264709,264557
264755,264720
264767,267030
264772,267030
264783,264720
264789,267030
264794,267030
264805,264720
264810,264557
264929,266354
264934,264958
265021,264997
265022,264987
265024,264979
265082,264997
265084,265003
265086,265010
265092,264979
265119,264979
265121,265016
265124,264997
265126,264987
265135,264979
265137,265025
265140,265016
265151,264979
265153,265016
265156,264997
265158,264987
265166,264979
265168,265016
265179,264979
265181,265016
265184,264997
265186,264987
265197,264979
265199,265025
265221,265016
265232,264979
265234,265016
265237,264997
265239,264987
265260,264979
265262,265016
265296,264979
265356,264997
265358,264987
265379,264979
265406,264979
265431,264997
265433,264987
265452,264979
265465,264979
265484,264997
265486,264987
265499,264979
265521,264979
265523,265016
265525,265073
265551,264997
265529,265016
265539,265111
265540,265143
265541,265171
265542,265224
265543,265279
265544,265455
265545,265390
265550,264979
265684,265560
265755,265560
265773,265560
266093,264916
266103,265553
266123,265946
266142,265782
266253,266223
266257,266223
266264,266236
266322,266207
266705,266655
266760,266655
266786,266669
266789,266591
266792,266488
266817,266770
267020,266435
267173,267229
267224,267191
267264,267030
